district,location,long,lat
士林區,環河北路三段跨堤路橋入口處,121.507258,25.083019
士林區,重慶北路四段60號,121.513168,25.081529
士林區,環河北路三段與海光公園交叉口,121.507463,25.082431
士林區,環河北路三段95號前左側樓梯下,121.5070208,25.0835808
士林區,環河北路與葫蘆街街口,121.5075006,25.082586
士林區,環河北路三段與延平北路五段285巷口,121.5068166,25.083886
士林區,重慶北路四段146號,121.512409,25.083578
士林區,重慶北路四段138號,121.5123681,25.0835017
士林區,延平北路五段2之一號(福德綠地前右邊4公尺),121.5114672,25.0788883
士林區,重慶北路四段78號,121.513039,25.082147
士林區,重慶北路四段74號,121.512991,25.081878
士林區,延平北路六段308號(社子國小大門左對面公車亭旁),121.502947,25.089556
士林區,延平北路9段底島頭公園路燈196號右旁約20公尺處,121.466454,25.109766
士林區,延平北路七段250號福安國中(左側公車亭左旁),121.488801,25.102074
士林區,延平北路9段底島頭公園路燈197號右旁,121.466894,25.109968
士林區,延平北路延平北路七段250號福安國中(右側公車亭左旁),121.487286,25.103342
士林區,延平北路9段底島頭公園路燈193號右旁,121.466267,25.109023
士林區,延平北路六段308號(社子國小大門右對面約60公尺處公車亭旁),121.5019082,25.0901375
士林區,延平北路七段250號福安國中大門(右前),121.487919,25.102825
士林區,延平北路7段3號公車站牌旁,121.497398,25.094041
士林區,延平北路7段42-7號(福安消防隊又斜對面),121.497089,25.096407
士林區,延平北路9段底島頭公園路燈192號右旁,121.467662,25.109768
士林區,延平北路9段底島頭公園路燈198號右旁,121.46655,25.108857
士林區,中山北路六段392號 (一),121.526948,25.113262
士林區,中山北路六段420號(新生活書局旁),121.5270663,25.11363294
士林區,中山北路六段763巷口,121.527911,25.115575
士林區,中山北路六段785號(日本學校)(一),121.529841,25.118191
士林區,中山北路六段785號(日本學校)(二),121.5288233,25.11697322
士林區,中山北路六段785號(日本學校)(三),121.5292551,25.11752694
士林區,中山北路六段419巷1號旁,121.5266871,25.11326209
士林區,中山北路六段天壽2號公園(中山北路六段面對405巷口左側),121.5264996,25.11291038
士林區,中山北路六段435號,121.527318,25.11443
士林區,中山北路七段27號,121.530602,25.119244
士林區,中山北路七段123號前,121.531881,25.122737
士林區,中山北路七段141巷43號 (下方公園旁一),121.530194,25.124294
士林區,中山北路七段141巷43號 (體惠幼稚園旁一),121.530527,25.124852
士林區,中山北路七段141巷43號 (下方公園對面),121.530243,25.124275
士林區,中山北路七段141巷43號 (天母公園牌樓對面),121.530584,25.124834
士林區,中山北路七段171號（天母公車站）,121.5325355,25.1243277
士林區,中山北路七段175號,121.532582,25.124567
士林區,中山北路七段232巷1弄口（天母古道口一）,121.533613,25.127568
士林區,中山北路七段232巷1弄口（天母古道口二）,121.533389,25.127829
士林區,忠誠路二段41巷口(蘭雅國中二),121.530635,25.109634
士林區,忠誠路二段53巷口 (蘭雅國中一),121.530806,25.111047
士林區,忠誠路二段104號對面,121.531615,25.112977
士林區,忠誠路二段98巷對面天母棒球場士東路忠誠路交口,121.5314705,25.1128502
士林區,忠誠路二段118巷口對面,121.5319005,25.11343137
士林區,忠誠路二段154巷對面 (公車站),121.533045,25.114855
士林區,忠誠路二段166巷對面,121.533314,25.11518
士林區,忠誠路二段170號對面(全家對面),121.533636,25.115594
士林區,忠誠路二段176號前,121.533543,25.115912
士林區,忠誠路二段178巷對面,121.5338114,25.11589606
士林區,忠誠路二段207巷口,121.534217,25.116393
士林區,士東路180號對面(大葉高島屋停車場出口正對面),121.5320202,25.1126108
士林區,士東路180號對面(天母棒球場公車站(士東)靠棒球場那側),121.5324072,25.11269023
士林區,士東路180號前(天母棒球場公車站(士東)靠蘭雅變電所那側),121.532302,25.11246428
士林區,士東路190號前 (面對德東229巷口左側),121.532758,25.112524
士林區,士東路190號對面(法院停車場出口正對面),121.5326927,25.11272353
士林區,忠誠路2段148巷對面,121.5328219,25.11461225
士林區,士東路200巷21號對面(法院後門)(二),121.53369,25.111771
士林區,天母西路46之3號,121.525218,25.118442
士林區,中山北路五段6號圓山保齡球館停車入口南側,121.5254688,25.0823123
士林區,中山北路五段6號圓山保齡球館停車出口北側,121.52563,25.082801
士林區,劍南路199巷口(圓明寺旁)3,121.55574,25.099308
士林區,中山北路五段6號圓山保齡球館停車入口北側,121.5254688,25.0823124
士林區,中山北路五段6號圓山保齡球館停車出口南側,121.5254688,25.0823125
士林區,中山北路五段190巷口,121.526502,25.086786
士林區,中山北路五段190巷對面,121.5254938,25.087944
士林區,(單號)士林官邸(中正)公車站左側,121.531686,25.096594
士林區,中山北路劍潭1號出口北側,121.5250622,25.0843761
士林區,中山北路劍潭1號出口南側,121.5250622,25.0843762
士林區,中山北路劍潭2號出口北側,121.5242498,25.0834601
士林區,中山北路劍潭2號出口南側(一),121.5242498,25.0834602
士林區,中山北路劍潭2號出口南側(二),121.5242498,25.0834603
士林區,中山北路五段250號銘傳大學中側,121.52674,25.087151
士林區,中山北路五段250號銘傳大學北側,121.526824,25.087265
士林區,中山北路五段380號北側,121.527629,25.090682
士林區,中山北路五段455號對面,121.527804,25.091622
士林區,中山北路五段與福林路交叉口,121.52822,25.093772
士林區,中山北路五段雙號士林官邸(中山)公車站旁,121.528314,25.094508
士林區,中正路115號,121.52861,25.09568
士林區,中正路福林公園停車場,121.5299716,25.0961918
士林區,中正路(單號)士林官邸(中正)公車站前,121.531296,25.096266
士林區,中正路官邸(中正)公車站旁,121.5315987,25.0963745
士林區,中正路104巷福林國小公車站北側,121.529595,25.096197
士林區,至善路一段軍營側門口,121.5415568,25.0971772
士林區,至善路一段東吳大學(錢穆故居)公車站南側,121.542136,25.097049
士林區,福林路240號泰北中學公車站(右側),121.533216,25.0971
士林區,福林路240號泰北中學公車站(左側),121.533477,25.09726
士林區,故宮路外雙溪(故宮)公車站旁,121.546724,25.097417
士林區,至善路二段322巷口衛理女中(原住民文化主題公園)公車站旁,121.552664,25.10177
士林區,至善路二段360號至善國中公車站旁,121.555748,25.103824
士林區,至善路二段雙號劍南橋公車站旁,121.5575265,25.1071651
士林區,中社路二段185巷口旁,121.571194,25.107801
士林區,中社路二段185巷口旁1,121.571327,25.107892
士林區,至善路二段274號對面,121.551098,25.100787
士林區,至善路二段250號對面,121.550355,25.100302
士林區,至善路二段321號故宮2,121.549797,25.100279
士林區,至善路二段321號故宮3,121.549599,25.10024
士林區,至善路二段143巷口外雙溪公車站牌旁,121.547662,25.098839
士林區,福林路單號泰北中學公車站旁,121.534054,25.097738
士林區,中山北路五段463號,121.527637,25.092467
士林區,福林路209號,121.533927,25.097649
士林區,至善路二段劍南橋入口,121.5575265,25.1071651
士林區,至善路二段321號故宮1,121.550027,25.100123
士林區,至善路二段321號故宮4,121.549311,25.099844
士林區,劍南路199巷口(圓明寺旁)1,121.555517,25.099313
士林區,劍南路199巷口(圓明寺旁)2,121.555614,25.099339
士林區,劍南路登山步道口1,121.554691,25.096939
士林區,劍南路登山步道口2,121.554716,25.097107
士林區,劍南路登山步道口3,121.554487,25.097078
士林區,至善路聖人瀑布前1,121.587919,25.126994
士林區,至善路聖人瀑布前2,121.587917,25.127078
士林區,至善路聖人瀑布前3,121.587995,25.127103
士林區,至善路聖人瀑布前4,121.588069,25.127112
士林區,至善路一段單號東吳大學(錢穆故居)站牌,121.54116,25.09748
士林區,至善路一段單號梅林新村站牌1,121.540296,25.097541
士林區,至善路一段單號梅林新村站牌2,121.540028,25.097578
士林區,至善路三段371巷土地公廟前,121.581736,25.122863
士林區,至善路三段371巷土地公廟前1,121.581841,25.122867
士林區,至善路三段371巷土地公廟前2,121.581955,25.122871
士林區,中山北路五段467號,121.527602,25.092227
士林區,中山北路五段(單號)台電台北北區營業處公車站南側),121.52729,25.090586
士林區,(單號)士林官邸(中正)公車站右側,121.5314369,25.0963783
士林區,中正路志成公園前,121.5312987,25.0964382
士林區,劍潭公車站(一),121.524317,25.081383
士林區,劍潭公車站(二),121.254119,25.080673
士林區,基河路350號對面公車站左邊電線桿旁,121.518919,25.094679
士林區,中正路文林路587巷-兒童樂園停車場出口右3,121.52319,25.09468
士林區,中正路文林路587巷-兒童樂園停車場出口右4,121.52114,25.09422
士林區,基河路250號新光會館前,121.52107,25.09171
士林區,基河路128號前(靈糧堂),121.52343,25.08851
士林區,基河路25號對面(百齡高中-1),121.52423,25.08723
士林區,基河路3號對面(百齡高中-3),121.52478,25.08628
士林區,基河路420號 郵局門口,121.51764,25.0953
士林區,基河路劍潭捷運站1號十字路口 (1807水泥柱),121.52506,25.08583
士林區,基河路劍潭捷運站1號十字路口 (1806D水泥柱),121.52507,25.08557
士林區,基河路中正路324號(士林國中對面7-11),121.52066,25.0926
士林區,基河路基河路173號(詹士),121.52316,25.0894
士林區,中正路中正路282號,121.52275,25.09447
士林區,中正路文林路587巷-兒童樂園停車場出口右2,121.52297,25.09467
士林區,文林路文林路587巷-兒童樂園停車場出口右1,121.5249,25.0942
士林區,基河路363號前(天文館前-3),121.51813,25.0956
士林區,中正路409號對面,121.52095,25.09405
士林區,基河路與中正路435巷口對面(特立屋),121.52062,25.09246
士林區,基河路基河路台北表演藝術中心右3,121.524902,25.085035
士林區,基河路台北表演藝術中心右4,121.524834,25.084798
士林區,大南路138號(福德宮前),121.5231,25.08958
士林區,劍潭捷運站1號出口(公車站旁),121.52481,25.08518
士林區,中正路405號對面 公車站牌(士林區行政中心),121.520765,25.093966
士林區,基河路396巷2號對面(科教館-2),121.51806,25.09538
士林區,基河路基河路台北表演藝術中心右5,121.5251,25.08567
士林區,基河路公車站牌(天文館前-2),121.51833,25.09545
士林區,基河路台北表演藝術中心-1,121.52471,25.08614
士林區,基河路台北表演藝術中心-2,121.52497,25.08547
士林區,基河路基河路382號前(天文館前-1),121.51854,25.09533
士林區,基河路基河路公車站牌(科教館-1),121.51759,25.09552
士林區,基河路中正路418號-側1,121.519944,25.093503
士林區,基河路中正路418號-側2,121.51994,25.09364
士林區,基河路中正路418號-側3,121.51931,25.09379
士林區,基河路258號(特力屋)對面公車站牌(士林行政中心-基河站),121.52052,25.09293
士林區,基河路中正路418號-側4,121.51959,25.09402
士林區,基河路28號捷運劍潭站2號出口(右側),121.524656,25.08355
士林區,承德路五段55號兒童新樂園公車站,121.514536,25.096283
士林區,士商路189號科教館(左側),121.515708,25.096309
士林區,士商路189號科教館(右側),121.516028,25.095847
士林區,士商路士商路189號科教館(靠基河路396巷左側公車站),121.517258,25.095291
士林區,中山北路四段67號公車站對面左側,121.5241634,25.08048323
士林區,中山北路四段4號(劍潭活動青年海外中心前人行道後段),121.524406,25.079211
士林區,中山北路四段4號(劍潭活動青年海外中心前人行道末段),121.5247256,25.07809817
士林區,中山北路四段67號公車站對面右側,121.5241851,25.0805325
士林區,中山北路四段4號劍潭活動青年海外中心對面,121.524572,25.07971436
士林區,承德路四段177號(百齡高中左側),121.5229246,25.086799
士林區,中山北路四段67號(公車站旁)(一),121.524371,25.080584
士林區,中山北路四段67號(公車站旁靠福正宮),121.524373,25.080554
士林區,承德路五段55號兒童新樂園公車站(左側),121.51461,25.09626
士林區,中山北路67號(左側),121.524384,25.080436
士林區,中山北路67號(右側),121.524385,25.080388
士林區,承德路四段175號,121.5233706,25.085801
士林區,基河路18號對面(左側),121.524641,25.083431
士林區,基河路18號對面(右側),121.524652,25.083487
士林區,承德路四段172號(對面),121.5231579,25.0863735
士林區,承德路五段55號兒童新樂園公車站(右側),121.51461,25.09627
士林區,士商路189號,121.516139,25.09583
士林區,中山北路四段67號對面人行道(靠捷運站),121.524161,25.080415
士林區,中山北路四段67號對面人行道(靠通河街),121.524157,25.080312
士林區,士商路士商路189號科教館(靠基河路396巷左側公車站),121.517373,25.095349
士林區,基河路28號捷運劍潭站2號出口(左側),121.5246579,25.0835886
士林區,承德路五段80號(士林監理站對面公車站),121.514594,25.095185
士林區,中山北路四段4號(劍潭活動青年海外中心前人行道前段),121.524353,25.079407
士林區,中山北路四段4號(劍潭活動青年海外中心前人行道中段),121.524378,25.079319
士林區,雨聲街情報局側門對面人行道,121.533212,25.103981
士林區,福國路95之15號,121.5218614,25.1017007
士林區,福國路95之20號,121.5218664,25.1017009
士林區,雨聲街90號旁,121.530108,25.104532
士林區,福國路戲曲中心後門,121.518479,25.102112
士林區,福國路法官學院後門,121.518122,25.100137
士林區,仰德大道一段24巷號對面公車站牌,121.537492,25.102211
士林區,雨聲街165巷口,121.533539,25.102416
士林區,忠誠路一段126號旁,121.529003,25.105851
士林區,至誠路一段62巷對面,121.536218,25.101491
士林區,至誠路一段30號對面,121.536453,25.101421
士林區,雨聲街203之1號對面人行道,121.533566,25.101788
士林區,至誠路一段名山公園對面人行道,121.532399,25.101741
士林區,至誠路芝山公園百二崁入口處右側人行道,121.532844,25.101629
士林區,福國路103號法官學院,121.519174,25.100134
士林區,中山北路六段1號對面公園,121.525617,25.102598
士林區,雨聲街120號對面人行道,121.532074,25.101876
士林區,文昌路234號旁人行道,121.520499,25.100088
士林區,雨聲街石頭公園前方50公尺處,121.530193,25.104574
士林區,仰德大道一段28號對面,121.537495,25.102215
士林區,忠義街1號雨農國小後門對面公車站牌,121.530261,25.104619
士林區,文昌路211之3號文昌橋下,121.520312,25.099756
士林區,文昌路211之3號,121.520583,25.10029
士林區,文林路615巷20號文昌國小前,121.520861,25.099549
士林區,福國路文林橋戲曲中心旁,121.519806,25.102056
士林區,福國路福國路文林路口,121.521135,25.101745
士林區,平菁街86號旁平等駐在所流動廁所旁,121.576452,25.13134
士林區,平菁街88號對面(左前方),121.576618,25.131219
士林區,愛富一街旁公車站牌旁(一)文化大學公車站,121.546522,25.13802
士林區,愛富一街旁公車站牌旁(二)文化大學公車站,121.546615,25.138377
士林區,和平路10號旁(一)文化大學公車站,121.546582,25.138675
士林區,和平路10號旁(二)文化大學公車站,121.546485,25.138401
士林區,平菁街106巷18號對面(涼亭旁),121.574896,25.130235
士林區,平菁街106巷口21弄口小19福德祠公車站旁,121.574594,25.128862
士林區,平菁街小19大平尾一公車站旁,121.573598,25.122243
士林區,凱旋路觀景台(一),121.539387,25.133984
士林區,凱旋路觀景台(二),121.539613,25.133994
士林區,仰德大道四段格致中學公車站旁,121.546946,25.130802
士林區,仰德大道二段永福(林語堂故居)公車站旁,121.547184,25.109544
士林區,仰德大道四段75號格致國中公車站旁(下山方向),121.546956,25.130871
士林區,仰德大道文化大學公車站旁(上山方向),121.546599,25.138621
士林區,菁山路山豬湖山公車站旁(菁山路),121.546946,25.130802
大同區,民權西路95號對面公車站內（1）,121.518584,25.062983
大同區,民權西路95號對面公車站內（2）,121.518683,25.062978
大同區,承德路3段5號,121.518414,25.063481
大同區,重慶北路3段民族西路口公車站牌內(3),121.513786,25.068364
大同區,承德路3段303-1號前（3）,121.520097,25.075812
大同區,承德路3段287號前職訓中心（2）,121.520119,25.074822
大同區,民權西路163號前,121.516238,25.063097
大同區,承德路3段303-1號前（4）,121.519957,25.075399
大同區,酒泉街圓山捷運酒泉街1號出口（1）,121.519815,25.070823
大同區,酒泉街圓山捷運酒泉街1號出口（2）,121.519866,25.071146
大同區,庫倫街圓山捷運庫倫街出口（3）,121.519981,25.0718
大同區,庫倫街56號（1）,121.51959,25.071849
大同區,敦煌路(明倫高中新大門)（2）,121.519202,25.075557
大同區,承德路3段277號（合作金庫）,121.519196,25.072948
大同區,承德路3段287號公車站(前職訓中心)（1）,121.520151,25.074879
大同區,承德路3段303-1號分隊前（1）,121.520205,25.075986
大同區,敦煌路（明倫高中舊大門）,121.519837,25.075358
大同區,敦煌路（明倫高中新大門）,121.519113,25.075608
大同區,民權西路95號對面公車站牌內（3）,121.519222,25.062909
大同區,民權西路93號,121.518817,25.063045
大同區,重慶北路3段昌吉街口公車站牌內(3),121.513696,25.065499
大同區,庫倫街56號對面,121.519525,25.071949
大同區,民權西路95號對面公車站牌內（4）,121.51895,25.062983
大同區,民權西路民權國中側門旁,121.51398,25.063175
大同區,重慶北路3段民族西路口公車站牌內(3),121.513733,25.068343
大同區,民族西路200號,121.514211,25.0685368
大同區,承德路3段148號,121.518276,25.068328
大同區,重慶北路3段酒泉街公車站牌內(4),121.513826,25.071696
大同區,蘭州街蘭州公園,121.51517,25.064096
大同區,重慶北路3段酒泉街公車站牌內(3),121.513872,25.071715
大同區,民權西路大龍街公車站內（3）,121.516571,25.062967
大同區,民權西路大龍街公車站內（1）,121.516583,25.062979
大同區,民權西路大龍街公車站內（2）,121.516636,25.062974
大同區,撫順街（民權西路站5號出口）,121.518588,25.06323
大同區,重慶北路3段1號,121.513793,25.063317
大同區,民權西路大龍街公車站內（4）,121.516622,25.062971
大同區,重慶北路3段昌吉街口公車站內（1）,121.513767,25.065705
大同區,重慶北路3段昌吉街口公車站內（2）,121.513773,25.065873
大同區,重慶北路3段7號,121.513783,25.064328
大同區,重慶北路3段145號,121.513876,25.068397
大同區,重慶北路3段民族西路公車站（1）,121.513781,25.068548
大同區,重慶北路3段民族西路公車站（2）,121.513779,25.068528
大同區,重慶北路3段酒泉街公車站（1）,121.513829,25.071928
大同區,重慶北路3段昌吉街口公車站牌內(4),121.513701,25.065451
大同區,敦煌路15號對面人行道,121.52055,25.075002
大同區,敦煌路80巷口對面重慶國中大門右側,121.517708,25.075907
大同區,敦煌路21巷口,121.517477,25.07596
大同區,民權西路91號,121.51881,25.06301
大同區,民權西路139號,121.516787,25.06312689
大同區,重慶北路3段酒泉街公車站（2）,121.513829,25.071932
大同區,重慶北路3段244號,121.5136428,25.07078513
大同區,重慶北路3段250-3號,121.513642,25.07105579
大同區,延平北路3段3號對面(民權西路口),121.5112554,25.062945
大同區,重慶北路3段172號公車站牌,121.513695,25.068998
大同區,重慶北路3段164號,121.51356,25.06844
大同區,重慶北路3段74號對面公車站,121.51364,25.0661
大同區,重慶北路3段84號對面公車站,121.51364,25.06628
大同區,重慶北路民權西路口公車專用道（5）,121.513637,25.06387
大同區,重慶北路3段2號,121.51348,25.06448
大同區,重慶北路3段2號（大橋頭捷運3號出口）,121.5134457,25.06411216
大同區,重慶北路民權西路口公車專用道（1）,121.513598,25.063307
大同區,民權西路大橋頭捷運2號出口,121.5131617,25.06317951
大同區,大橋頭捷運一號出口,121.512502,25.0631469
大同區,民權西路大橋頭捷運1A出口（1）,121.5114418,25.0631511
大同區,延平北路3段4號（地下道出口）,121.5110646,25.06317947
大同區,環河北路2段敦煌路口,121.510139,25.076248
大同區,環河北路2段污水廠（1）,121.50921,25.07268
大同區,環河北路2段污水廠（2）,121.50911,25.07356
大同區,環河北路2段污水廠（3）,121.509069,25.074238
大同區,環河北路2段污水廠（4）,121.509167,25.07542
大同區,環河北路2段敦煌路口,121.51035,25.0763
大同區,敦煌路171號對面,121.51138,25.076408
大同區,敦煌路163號對面,121.511446,25.076393
大同區,環河北路2段污水廠（5）,25.07639,121.51168
大同區,環河北路2段污水廠（6）,121.509247,25.072367
大同區,重慶北路民族重慶路口公車專用道（178號）,121.51372,25.06894
大同區,重慶北路昌吉重慶路口公車專用道（86號）,121.51369,25.06641727
大同區,延平北路3段2號對面(台北橋下面),121.511147,25.063046
大同區,民權西路279號對面,121.509516,25.063335
大同區,環河北路2段污水廠（7）,121.509132,25.073147
大同區,重慶北路3段168號,121.513581,25.068982
大同區,環河北路2段污水廠（8）,121.509084,25.073633
大同區,環河北路2段污水廠（9）,121.50912,25.074413
大同區,環河北路2段污水廠（10）,121.509013,25.074793
大同區,重慶北路3段18號,121.5135,25.06478
大同區,重慶北路3段2號(大橋國小門口),121.5134664,25.06452921
大同區,重慶北路3段2號(大橋頭捷運2號出口),121.51343,25.06336
大同區,重慶北路3段60號,121.5135213,25.0657947
大同區,民權西路大橋頭捷運1號出口（2）,121.5124391,25.0631353
大同區,延平北路3段3號（大橋頭1A出口）,121.5115428,25.06315667
大同區,延平北路3段4號(地下道出口),121.510981,25.063104
大同區,敦煌路151號對面,121.5117,25.07639
大同區,敦煌路165號對面,121.51073,25.07639
大同區,環河北路2段污水廠（6）,121.509423,25.0757761
大同區,重慶北路3段178號（2）,121.513728,25.0691666
大同區,重慶北路3段68號（公車道）,121.5136198,25.066056
大同區,民權西路297號對面,121.509124,25.063423
大同區,重慶北路3段2號對面,121.513581,25.063644
大同區,重慶北路3段188號,121.513579,25.0692597
大同區,重慶北路3段168號（公車站牌）,121.513712,25.068927
大同區,重慶北路3段124號,121.513582,25.06733
大同區,民權西路303號對面,121.508877,25.063497
大同區,重慶北路2段60號前（公車專用道）（1）,121.514016,25.055566
大同區,重慶北路2段60號前（公車專用道）（2）,121.514057,25.055426
大同區,塔城街捷運北門站2號公車站牌（2）,121.510338,25.049234
大同區,重慶北路2段涼州街口（公車專用道）（1）,121.513569,25.061095
大同區,重慶北路2段涼州街口（公車專用道）（2）,121.513546,25.060896
大同區,塔城街捷運1號公車站牌旁,121.510181,25.049036
大同區,重慶北路2段民生西路口(公車專用道)（3）,121.513726,25.057394
大同區,重慶北路2段60號前(公車專用道)（4）,121.513968,25.055712
大同區,重慶北路2段民生西路口（公車專用道）（1）,121.513726,25.057306
大同區,重慶北路2段民生西路口（公車專用道）（2）,121.513752,25.057131
大同區,重慶北路1段與鄭州路口（2）,121.513294,25.049787
大同區,重慶北路1段62號,121.513942,25.052214
大同區,忠孝西路2段與西寧北路口,121.507821,25.048722
大同區,重慶北路1段114號,121.514124,25.053387
大同區,重慶北路1段92號,121.513976,25.052703
大同區,延平北路鐵道博物館（延平北路1段上）,121.511501,25.048698
大同區,塔城街鐵道博物館（塔城街上）,121.510242,25.048764
大同區,重慶北路1段18號,121.513382,25.05016
大同區,重慶北路1段10號前,121.513325,25.049907
大同區,延平北路1段2號旁,121.510496,25.048306
大同區,鄭州路145號中興醫院正門旁,121.509184,25.050541
大同區,延平北路1段與忠孝西路1段路口,121.511339,25.048346
大同區,忠孝西路鐵道博物館旁（忠孝西路2段與延平北路1段口）,121.511177,25.048226
大同區,重慶北路2段60號前（公車專用道）（3）,121.514029,25.055461
大同區,塔城街捷運北門站3號出口（UBIKE站旁）,121.510324,25.049711
大同區,塔城街鄭州路口捷運北門站3號出口無障礙空間斜坡道旁,121.510275,25.050053
大同區,延平北路台北地下街Y26出口,121.51182,25.049686
大同區,塔城街市民大道口捷運北門站2號出口,121.510412,25.049421
大同區,塔城街塔城公園公車亭後方,121.510572,25.050675
大同區,重慶北路2段涼州街口（公車專用道）（3）,121.513532,25.061337
大同區,塔城街24號前（電信局）,121.510421,25.0508
大同區,塔城街市民大道口捷運北門站1號出口,121.510104,25.04884
大同區,塔城街市民大道口捷運北門站3號出口,121.510263,25.049543
大同區,鄭州路26巷口旁公車站牌(聯合醫院中興院區),121.509376,25.050183
大同區,鄭州路145號中興醫院東側,121.509693,25.050449
大同區,鄭州路145號中興醫院西側,121.50865,25.05062
大同區,延平北路鐵道博物館車道出入口,121.51165,25.049237
大同區,鄭州路38巷口,121.509104,25.050229
大同區,鄭州路26巷口旁,121.509615,25.050155
大同區,忠孝西路鐵道博物館旁（忠孝西路二段與塔城街口）,121.510249,25.048305
大同區,忠孝西路2段11號旁,121.509014,25.048448
大同區,塔城街忠孝西路口,121.509598,25.048334
大同區,塔城街與忠孝西路2段口（東側）,121.510196,25.04843
大同區,忠孝西路2段25號旁,121.508449,25.048598
大同區,塔城街捷運北門站1號出口(電箱旁),121.509933,25.048524
大同區,塔城街1號,121.510214,25.048605
大同區,重慶北路2段243號公車專用道內（3）,121.513623,25.062621
大同區,承德路一段日新國小(2),121.51801,25.054549
大同區,民權西路102巷公車專用道內,121.517985,25.062869
大同區,承德路2段206號,121.518122,25.062466
大同區,承德路2段235號成淵高中右側,121.518348,25.061604
大同區,南京西路日新國小（公車站牌）（1）,121.516707,25.053581
大同區,民權西路102巷公車專用道內,121.517822,25.062887
大同區,承德路一段日新國小(3),121.51796,25.054411
大同區,承德路2段54號,121.518061,25.056948
大同區,承德路一段日新國小(4),121.517902,25.054231
大同區,平陽街10號斜對面（寧夏夜市）,121.516485,25.055206
大同區,承德路2段日新國小,121.518031,25.054717
大同區,重慶北路2段101號公車專用道內（2）,121.513834,25.056706
大同區,鄭州路太原路口（台北地下街Y13前）,121.514818,25.049193
大同區,鄭州路鄭州路懷舊廣場前,121.514899,25.049175
大同區,承德路2段235號錦西街口,121.51832,25.060252
大同區,民權西路102巷33弄（承德路口）,121.51808,25.061644
大同區,承德路2段成淵高中前公車站牌,121.518386,25.060865
大同區,民權西路民權西路站1號出口旁,121.519008,25.062805
大同區,鄭州路懷舊廣場前(2),121.514919,25.049232
大同區,重慶北路1段1號前（後站商圈）,121.513507,25.049619
大同區,鄭州路23號-台北捷運地下街Y15出口,121.514469,25.049321
大同區,承德路2段235號成淵高中校門口左側,121.518396,25.061205
大同區,民權西路186之2號,121.51489,25.0628347
大同區,重慶北路2段15號,121.514383,25.054593
大同區,民生西路204號,121.515449,25.057004
大同區,重慶北路2段101號公車專用道內,121.513799,25.056888
大同區,南京西路日新國小（公車站牌）（2）,121.516619,25.053648
大同區,民權西路民權西路站6號出口,121.518779,25.06281
大同區,重慶北路2段201號公車專用道內（1）,121.513561,25.060363
大同區,重慶北路2段201號公車專用道內（2）,121.513573,25.060579
大同區,重慶北路2段243號公車專用道內（2）,121.5136,25.06281
大同區,重慶北路2段243號公車專用道內（1）,121.513613,25.062671
大同區,民生西路208號（寧夏夜市）,121.514964,25.057009
大同區,重慶北路1段9號（後站商圈）,121.513541,25.049909
大同區,民生西路239號站牌旁,121.515163,25.057056
大同區,民生西路241號天主堂旁公車站牌,121.515061,25.057138
大同區,民生西路212號公車站牌,121.515068,25.056957
大同區,民生西路198之10號（雙連市場）,121.516507,25.057092
大同區,太原路蓬萊國小門口（北側）,121.516772,25.056104
大同區,太原路蓬萊國小門口（南側）,121.516748,25.056019
大同區,南京西路30號前,121.519772,25.052686
大同區,南京西路36號,121.519616,25.05277
大同區,南京西路62號,121.518927,25.052896
大同區,南京西路日新國小（公車站牌）（3）,121.51691,25.053568
大同區,南京西路123號前（寧夏夜市）,121.514947,25.054169
大同區,南京西路105號,121.515814,25.05378
大同區,南京西路244號前公車站牌,121.515583,25.053648
大同區,民生西路198號（雙連市場公車站）,121.516362,25.057082
大同區,民生西路198之22號(左前方)電箱旁（寧夏夜市）,121.515964,25.057036
大同區,鄭州路7-19號-台北捷運地下街Y11出口,121.515283,25.049145
大同區,鄭州路21巷口-台北捷運地下街Y13出口,121.514532,25.049308
大安區,敦化南路1段225號,121.54914,25.04062
大安區,仁愛路4段403號(站),121.555656,25.037846
大安區,仁愛路4段387號,121.555129,25.037984
大安區,仁愛路4段325號,121.553102,25.03802
大安區,敦化南路1段188號,121.548586,25.04268
大安區,仁愛路4段151號(站),121.551633,25.037942
大安區,仁愛路4段137號,121.550887,25.038067
大安區,仁愛路4段85號,121.548088,25.038411
大安區,仁愛路4段79號(站),121.547507,25.038009
大安區,仁愛路4段37號,121.546244,25.038164
大安區,仁愛路4段3號(站),121.543921,25.038073
大安區,仁愛路4段1號,121.543998,25.038204
大安區,敦化南路1段205號,121.549151,25.042092
大安區,忠孝東路4段120號,121.54732,25.041285
大安區,忠孝東路4段128號(公車)(狗便袋盒),121.547824,25.041386
大安區,忠孝東路4段4號,121.550338,25.041345
大安區,忠孝東路4段122號(公車),121.552802,25.041314
大安區,忠孝東路4段162號(公車),121.546952,25.041708
大安區,忠孝東路4段212號,121.556131,25.041227
大安區,忠孝東路4段71號(公車),121.556227,25.041501
大安區,忠孝東路4段300號,121.552396,25.041602
大安區,忠孝東路4段325號(公車),121.550184,25.041643
大安區,忠孝東路4段59號,121.546501,25.041748
大安區,忠孝東路4段219號,121.544096,25.041771
大安區,忠孝東路4段167號(公車),121.549146,25.042854
大安區,忠孝東路4段71號(公車),121.549132,25.039254
大安區,忠孝東路4段3號,121.548518,25.042124
大安區,敦化南路1段179號(公車),121.548739,25.042349
大安區,敦化南路1段245號(公車),121.548503,25.040943
大安區,敦化南路1段200號,121.548718,25.039014
大安區,敦化南路1段200號(站),121.548544,25.039079
大安區,敦化南路1段226號(狗便袋盒),121.547569,25.041382
大安區,敦化南路1段262號(站),121.546509,25.041419
大安區,敦化南路1段262號右,121.545806,25.041729
大安區,忠孝東路4段270號,121.554768,25.041269
大安區,仁愛路4段325號(站),121.553135,25.037909
大安區,忠孝東路4段329號,121.55695,25.04149
大安區,建國南路一段177號旁,121.537895,25.040532
大安區,仁愛路三段1號,121.533023,25.03839
大安區,忠孝東路三段287號前,121.5428627,25.04177309
大安區,忠孝東路三段279號前,121.542573,25.0417803
大安區,仁愛路三段160號對面公車道,121.543488,25.037847
大安區,仁愛路三段22號(二),121.5344728,25.03800831
大安區,仁愛路三段22號右側,121.534435,25.03773127
大安區,仁愛路三段22號(一),121.534262,25.038019
大安區,仁愛路三段32號對面公車道(一),121.536925,25.038001
大安區,仁愛路三段145號,121.543462,25.038301
大安區,仁愛路三段119號旁,121.541177,25.038473
大安區,仁愛路三段160號,121.5434511,25.03774521
大安區,仁愛路三段55號對面公車道(一),121.5397038,25.03816844
大安區,仁愛路三段55號對面公車道(二),121.5394825,25.03815264
大安區,仁愛路三段1號對面公車道,121.5331187,25.03828924
大安區,仁愛路三段29號對面公車道(二),121.5349131,25.03826737
大安區,信義路三段27號前,121.534459,25.033718
大安區,信義路三段147巷口,121.5417636,25.03360478
大安區,新生北路一段7號,121.532961,25.04515341
大安區,新生南路一段85號,121.532961,25.04211585
大安區,仁愛路三段136號對面公車道,121.5408729,25.03788722
大安區,新生南路一段131號對面公車道,121.5328913,25.03788255
大安區,仁愛路三段2號,121.533094,25.0378867
大安區,仁愛路三段55號,121.539158,25.038479
大安區,建國南路南往北空總旁,121.53839,25.03898
大安區,建國南路一段340號前,121.5375184,25.03424724
大安區,仁愛路三段29號對面公車道(一),121.5348916,25.03826615
大安區,復興南路一段156號,121.5435851,25.04228834
大安區,復興南路一段204號,121.5435741,25.03961777
大安區,仁愛路三段32號對面公車道(二),121.5367913,25.03800523
大安區,復興南路一段318號,121.5434824,25.0369018
大安區,敦化南路2段成功國宅公車站前10公尺,121.5490461,25.0276764
大安區,敦化南路2段81巷口,121.549027,25.029645
大安區,敦化南路2段37巷口(平安公園前公車站),121.549062,25.032065
大安區,敦化南路2段283號,121.54909,25.02483
大安區,敦化南路1段281號,121.5490388,25.0357986
大安區,敦化南路1段337號前,121.5490216,25.0335004
大安區,仁愛路4段130號旁,121.5513082,25.0375262
大安區,仁愛路4段130號公車站牌,121.550684,25.0376584
大安區,仁愛路4段222巷內人行道,121.551597,25.037597
大安區,仁愛路4段266巷口公車站牌,121.5524225,25.0376012
大安區,仁愛路4段296號,121.5536778,25.0375768
大安區,仁愛路4段314號公車站牌,121.554981,25.037608
大安區,仁愛路4段388號,121.556346,25.03742947
大安區,仁愛路4段416號(公車站牌前),121.5572633,25.0375245
大安區,和平東路3段63號,121.5491468,25.0246271
大安區,和平東路3段85號,121.550123,25.024626
大安區,和平東路3段117號,121.5514978,25.0244973
大安區,基隆路2段166-1號,121.555504,25.0270918
大安區,基隆路2段176號,121.5547485,25.0263776
大安區,安和路2段50號,121.5523623,25.0311676
大安區,安和路2段92號,121.5504062,25.0287558
大安區,安和路2段150號遠企後門,121.549885,25.026167
大安區,安和路2段151號,121.550402,25.028535
大安區,安和路2段225號,121.5501715,25.0255531
大安區,安和路2段遠企旁綠地前,121.5498892,25.026151
大安區,安和路1段仁愛國小旁,121.5520791,25.0365639
大安區,光復南路616號,121.557361,25.032233
大安區,信義路4段137號,121.549382,25.033359
大安區,信義路4段186巷口,121.551549,25.033057
大安區,信義路4段214號,121.552074,25.033065
大安區,信義路4段225號,121.552649,25.033282
大安區,信義路4段285號,121.554998,25.033296
大安區,基隆路二段142-1號,121.55663,25.0282286
大安區,信義路4段374號,121.555644,25.033012
大安區,信義路4段378巷口,121.555799,25.032966
大安區,羅斯福路3段99號(公車專用道),121.5265817,25.0223771
大安區,羅斯福路3段125號(公車專用道),121.5270024,25.0220376
大安區,和平東路1段74號,121.524563,25.026773
大安區,和平東路1段162號(大門右),121.527913,25.024922
大安區,新生南路3段30號,121.534524,25.023702
大安區,羅斯福路3段9號(公車專用道),121.5249663,25.0241055
大安區,信義路二段186號(公車專用道)1,121.5293286,25.0335933
大安區,信義路二段186號(公車專用道)2,121.5297133,25.03379064
大安區,和平東路1段162號(大門左),121.527504,25.02657
大安區,羅斯福路3段23號(公車專用道),121.525052,25.0237351
大安區,杭州南路二段37號,121.5233804,25.0335042
大安區,愛國東路35之1號(公車站牌),121.526135,25.031913
大安區,杭州南路二段55號(公車站),121.522821,25.0325548
大安區,羅斯福路2段67號(公車專用道)1,121.522654,25.026911
大安區,愛國東路31號(大門右),121.524693,25.032049
大安區,辛亥路1段與溫州街交叉口高架下,121.53317,25.022375
大安區,新生南路2段32號(公車專用道)1,121.533516,25.030745
大安區,羅斯福路2段67號(公車專用道)2,121.522824,25.02672
大安區,羅斯福路3段37號(公車專用道),121.5253535,25.0235425
大安區,新生南路3段與辛亥路交叉口建高下,121.534323,25.022522
大安區,新生南路3段與辛亥路1段口,121.534268,25.022654
大安區,愛國東路31號(大門左),121.524744,25.032041
大安區,愛國東路244號,121.52534,25.032032
大安區,新生南路2段32號(公車專用道)2,121.533532,25.030674
大安區,新生南路2段86號(公車專用道)1,121.534805,25.0264
大安區,愛國東路南門市場中繼站旁,121.523006,25.032333
大安區,愛國東路21巷口旁,121.523946,25.032199
大安區,新生南路2段86號(公車專用道)2,121.534777,25.026449
大安區,和平東路2段134-29號,121.54567,25.024627
大安區,和平東路2段363號,121.5464859,25.02479801
大安區,復興南路2段315號,121.5435097,25.0240219
大安區,復興南路2段387號,121.543496,25.022096
大安區,和平東路2段134號,121.544806,25.024679
大安區,和平東路3段14號,121.547146,25.02452
大安區,和平東路3段46號,121.547802,25.024517
大安區,和平東路3段15號,121.547472,25.02487
大安區,和平東路2段289號,121.5445137,25.02491026
大安區,敦化南路2段220號,121.548381,25.02159
大安區,"敦南街76巷,運動中心旁",121.54633,25.020356
大安區,敦化南路2段120號,121.548455,25.0265281
大安區,敦化南路2段162號,121.548418,25.025086
大安區,敦化南路2段196號,121.548389,25.023335
大安區,敦化南路2段206號-北,121.548344,25.022714
大安區,敦化南路2段234號,121.548396,25.021205
大安區,基隆路3段16號旁,121.547595,25.020153
大安區,基隆路3段單號(和平高中站牌),121.547205,25.019363
大安區,基隆路3段8號,121.547911,25.020502
大安區,敦化南路2段319號,121.549048,25.023058
大安區,敦化南路2段331巷口,121.549004,25.022441
大安區,敦化南路2段293巷口-北,121.549001,25.023846
大安區,和平東路3段60號,121.549196,25.024387
大安區,和平東路3段76號,121.550732,25.024362
大安區,辛亥路3段55號,121.545999,25.02017
大安區,基隆路2段224號,121.551397,25.023471
大安區,基隆路2段207號,121.551963,25.023681
大安區,和平東路3段168號,121.55262,25.023926
大安區,基隆路2段329號,121.548689,25.020687
大安區,和平東路3段168號-2,121.552341,25.023979
大安區,基隆路3段單號(和平高中站牌-2),121.547714,25.019804
大安區,新生南路二段70號對面,121.534841,25.027922
大安區,信義路三段43號對面森林公園捷運3號出口,121.53514,25.033423
大安區,復興南路ㄧ段303號(道慈大樓),121.543917,25.034689
大安區,敦化南路一段294號,121.548446,25.036246
大安區,仁愛路四段10號(仁愛醫院正門口),121.54532,25.037514
大安區,仁愛路仁愛路四段10號(大安路口公車道),121.5455556,25.0375
大安區,仁愛路四段8巷口,121.5444444,25.03777778
大安區,新生南路二段86號對面(大安森林公園8號出口),121.534793,25.026491
大安區,仁愛路四段62號,121.5475,25.03777778
大安區,仁愛路四段64號(公車道),121.547511,25.037781
大安區,信義路四段98號(公車道旁),121.54801,25.03329
大安區,新生南路二段56號對面(大安森林公園9號出口),121.534317,25.029262
大安區,敦化南路一段324號,121.548532,25.035198
大安區,敦化南路一段376號對面公車道,121.543956,25.033552
大安區,敦化南路二段76號(成功國宅站牌),121.548495,25.028901
大安區,敦化南路二段32號,121.5482842,25.0320157
大安區,信義路四段1~16號前公車站亭,121.543857,25.03341
大安區,仁愛路四段8巷口(6號前),121.544277,25.037744
大安區,信義路四段99巷口,121.548437,25.03341273
大安區,信義路四段98號前,121.544731,25.033479
大安區,復興南路二段236號旁,121.543294,25.025473
大安區,和平東路二段225號,121.542962,25.025033
大安區,建國南路二段大安森林公園5號出口,121.5376,25.027162
大安區,和平東路二段133號,121.54083,25.025391
大安區,和平東路二段(瑞安街口)(公車站牌),121.539077,25.025627
大安區,和平東路二段63號(公車站牌),121.53868,25.025691
大安區,和平東路二段49號,121.538127,25.025769
大安區,建國南路二段117號對面(公車站牌),121.53745,25.029857
大安區,和平東路二段(大安森林公園站牌),121.536437,25.025973
大安區,新生南路二段(金華街口公車道),121.533826,25.030407
大安區,新生南路二段(信義路口公車道),121.5327,25.03333
大安區,信義路三段(新生南路口大安森林公園),121.533065,25.033463
大安區,建國南路二段大安森林公園3號出口,121.53742,25.031721
大安區,信義路三段(捷運大安森林公園站5號出口),121.536379,25.0334302
大安區,建國南路二段(信義路三段口大安森林公園),121.537539,25.033299
大安區,仁愛路四段10號(大安路口人行道),121.545566,25.037531
大安區,敦化南路二段92號(台灣企銀),121.548495,25.028192
大安區,仁愛路四段68號(仁愛圓環&四維路口),121.548537,25.037289
大安區,和平東路二段大安森林公園6號出口(與建國南路交叉口),121.537344,25.0257685
大安區,新生南路金華街口(大安森林公園10號出口),121.533893,25.030679
大安區,信義路四段1~16號前公車道,121.5441228,25.0333798
大安區,信義路四段98號前人行道公車站亭,121.5484662,25.0331994
大安區,敦化南路二段14號,121.54871,25.032574
大安區,辛亥路二段29號(1),121.53582,25.022194
大安區,和平東路二段42-1號,121.537434,25.025553
大安區,羅斯福路四段46號對面(公館捷運站三號出口),121.533852,25.015447
大安區,辛亥路二段29號(2),121.535925,25.022176
大安區,辛亥路二段109號對面(台大思亮館側),121.538578,25.021391
大安區,基隆路四段43號對面(台灣大學側),121.540608,25.014269
大安區,羅斯福四段21號(銘傳國小附設幼兒園前),121.535856,25.013531
大安區,基隆路三段85號對面(台灣大學側),121.544424,25.017528
大安區,新生南路三段82號對面(台灣大學側),121.53642,25.01941
大安區,羅斯福路四段68號對面(公館捷運站二號出口),121.534383,25.014714
大安區,羅斯福路四段107號(台大進修推廣部),121.536833,25.012058
大安區,羅斯福路三段227號,121.529427,25.019771
大安區,新生南路三段19號,121.534894,25.025049
大安區,和平東路二段20號,121.536181,25.025722
大安區,和平東路二段12號,121.53572,25.025803
大安區,新生南路三段54之3號對面(台大棒球場側),121.53424,25.020565
大安區,和平東路二段110號,121.542447,25.024938
大安區,建國南路二段306號,121.537389,25.024084
大安區,辛亥路二段169號對面(台灣大學側),121.540962,25.021049
大安區,新生南路三段94號對面(台大校門口側),121.533516,25.017282
大安區,羅斯福路四段83號(捷運公館站公車站)面,121.536063,25.013161
大安區,新生南路三段88之2號對面(台大新月台側),121.53357,25.018142
大安區,新生南路三段66號對面(台大操場側),121.534018,25.019655
大安區,辛亥路三段30號(台大國青萊爾富前),121.544711,25.020597
大安區,和平東路二段108號,121.542188,25.024875
大安區,辛亥路二段臨136號(建國高架橋下)(1),121.534648,25.022804
大安區,辛亥路二段111號對面(台大思亮館側),121.53903,25.021069
大安區,辛亥路二段臨136號(建國高架橋下)(2),121.534708,25.022575
大安區,羅斯福路四段76號對面(公館捷運站二號出口),121.534724,25.014528
大安區,新生南路三段52號對面(台大棒球場側),121.534289,25.021146
大安區,基隆路四段148號前(台大建築與城鄉發展大樓側),121.537783,25.011887
大安區,羅斯福路羅斯福路三段201號(台電大樓捷運站2號出口對面),121.529237,25.01992
中山區,北安路387號對面,121.540162,25.079388
中山區,北安路與明水路口西北角,121.538797,25.077874
中山區,北安路與明水路口東北角,121.539108,25.07786
中山區,崇實路與大直街20巷口,121.544427,25.081167
中山區,北安路往西方向(忠烈祠公車站),121.535639,25.077982
中山區,北安路770巷口(偏明水路側),121.553239,25.085397
中山區,北安路520號對面,121.546043,25.07992
中山區,北安路524號對面,121.546367,25.079964
中山區,北安路522號對面,121.546324,25.079954
中山區,北安路47號對面(圓山大飯店公車站),121.528178,25.077282
中山區,北安路85號對面,121.530695,25.0779938
中山區,樂群二路53號前人行道,121.553281,25.080029
中山區,北安路劍南捷運站2號出口,121.555088,25.084906
中山區,北安路空軍司令部公車站 西往東方向,121.540343,25.079409
中山區,敬業三路樂群三路公車站(交叉口),121.556246,25.083016
中山區,北安路87巷口對面，中央廣播電台公車站,121.531185,25.078247
中山區,北安路759巷口,121.552718,25.085869
中山區,北安路670巷(大直加油站公車站),121.550119,25.083976
中山區,北安路明水路口附近(西往東方向)，自強隧道公車站,121.551909,25.085867
中山區,北安路大直高中公車站，西往東方向,121.542107,25.079508
中山區,植福路8號對面,121.55475,25.083936
中山區,民生東路一段36號公車站牌右側,121.524378,25.057972
中山區,新生北路二段林森公園站牌前,121.527328,25.053371
中山區,南京東路一段公車專用道(單號邊)-1,121.525719,25.052157
中山區,林森北路14號公園西側,121.525506,25.053404
中山區,林森北路15號公園東側,121.525328,25.053428
中山區,南京東路一段公車專用道(單號邊)-2,121.525725,25.05211
中山區,南京東路一段公車專用道(雙號邊)-1,121.525092,25.052094
中山區,南京東路一段公車專用道(雙號邊)-2,121.525096,25.052094
中山區,南京東路一段1號,121.522835,25.052328
中山區,南京東路一段92號,121.525877,25.052
中山區,南京東路一段46號,121.524408,25.052051
中山區,南京東路一段林森北路口,121.525137,25.052271
中山區,中山北路二段長春路口,121.522878,25.055052
中山區,長安東路一段9號,121.522399,25.049674
中山區,林森北路40號-2,121.524181,25.048144
中山區,林森北路40號-1,121.524181,25.048144
中山區,林森北路欣欣百貨,121.525493,25.054036
中山區,中山北路二段63號,121.522916,25.056587
中山區,中山北路二段22號,121.522478,25.053553
中山區,中山北路二段30號,121.522545,25.054329
中山區,中山北路一段85號前,121.522104,25.050556
中山區,中山北路一段114-1號,121.521794,25.050525
中山區,中山北路二段56號,121.522676,25.056345
中山區,中山北路一段130號,121.522047,25.051205
中山區,中山北路二段79號,121.522994,25.058149
中山區,中山北路二段111號前,121.523107,25.060213
中山區,市民大道一段(市民大道公中停車場2號出入口),121.519781,25.048444
中山區,市民大道捷運R1出口,121.519384,25.048512
中山區,民生東路二段141號,121.533832,25.05806
中山區,民生東路二段149號,121.535314,25.058015
中山區,民權東路二段107號前(西向公車道)1,121.532957,25.06257
中山區,松江路306號,121.533075,25.060284
中山區,松江路338號,121.53309,25.061311
中山區,民權東路二段107號前(西向公車道)2,121.533025,25.062512
中山區,松江路378號,121.53312,25.063231
中山區,民權東路二段107號前,121.532962,25.062678
中山區,松江路366號,121.533081,25.062409
中山區,松江路228號(226巷口),121.533039,25.058507
中山區,民權東路二段46號前(東向公車道)1,121.530216,25.062521
中山區,民權東路二段21號前(西向公車道)1,121.529057,25.062652
中山區,民權東路二段21號前(西向公車道)2,121.529059,25.062652
中山區,民權東路二段與中原街口(東往西公車專用道),121.529117,25.062662
中山區,民權東路二段46號前(東向公車道)2,121.530214,25.062521
中山區,松江路臨487號外迴轉道,121.534301,25.067114
中山區,民權東路二段142號前,121.533479,25.06243
中山區,松江路錦洲街(公車道北往南)1,121.53313,25.060379
中山區,松江路錦洲街(公車道北往南)2,121.53315,25.060379
中山區,松江路民權東路二段(公車道南往北)1,121.533254,25.062338
中山區,民權東路三段建國北路口(東向西公車道)1,121.537454,25.0624
中山區,民權東路三段建國北路口(東向西公車道)2,121.537456,25.0624
中山區,民權東路二段145號,121.535682,25.062549
中山區,民權東路二段(殯儀館前),121.535865,25.062535
中山區,民權東路二段建國北路口(西向東公車道)1,121.536617,25.062413
中山區,民權東路二段建國北路口(西向東公車道)2,121.536619,25.062413
中山區,民權東路三段與龍江路口(西向東公車道)-1,121.540485,25.062331
中山區,民權東路三段與龍江路交叉口(西往東),121.540682,25.062323
中山區,建國北路二段107號,121.537222,25.059304
中山區,民生東路三段65巷旁公車站,121.541744,25.057917
中山區,民權東路三段與復興北路口(西向東公車道二),121.543931,25.062246
中山區,民權東路三段(榮星花園二),121.540244,25.062502
中山區,民權東路三段與復興北路口(西向東公車道一),121.543933,25.062246
中山區,民生東路三段69號,121.543207,25.057904
中山區,民權東路三段與龍江路口(西向東公車道)-2,121.540487,25.062331
中山區,建國北路二段216號,121.53672,25.060633
中山區,建國北路二段137號,121.537258,25.060628
中山區,建國北路二段147號附近28號車格前,121.537259,25.061643
中山區,民權東路二段與松江路口(東向西公車道)(二),121.533408,25.062533
中山區,松江路485號,121.533384,25.06722
中山區,民權東路二段143號,121.535226,25.062564
中山區,建國北路二段131號,121.537238,25.060175
中山區,民權東路三段(榮星公園一),121.54056,25.062463
中山區,復興北路386號,121.544022,25.06006
中山區,民權東路三段與龍江路口(東向西公車道)(三),121.541004,25.062417
中山區,民權東路三段(榮星公園五),121.540872,25.062456
中山區,民權東路三段(榮星公園四),121.538313,25.062514
中山區,民權東路三段(榮星花園三),121.539223,25.062514
中山區,民權東路二段迴轉道(民權建國高架),121.537072,25.060318
中山區,民權東路二段與松江路口(東向西公車道)(一),121.533567,25.062522
中山區,建國北路一段10巷2號,121.536382,25.046613
中山區,渭水路32號對面人行道,121.53428,25.045729
中山區,松江路民權東路二段(公車道南往北)2,121.533256,25.062338
中山區,松江路1號,121.53304,25.045874
中山區,長安東路二段118-5號(建國北路上),121.536441,25.048262
中山區,南京東路三段32號,121.538272,25.051892
中山區,南京東路二段206號,121.535396,25.051916
中山區,南京東路二段38號(對面公車專用道上),121.529539,25.05203
中山區,松江路85號,121.533097,25.050176
中山區,松江路43號(對面公車專用道上),121.532999,25.048005
中山區,松江路51號(對面公車專用道上),121.532908,25.048595
中山區,松江路89號,121.53311,25.050559
中山區,南京東路松江路路口 (對面公車專用道上),121.5327434,25.0521535
中山區,松江路54號（對面公車專用道),121.532904,25.048638
中山區,松江路60號（對面公車專用道）,121.532912,25.048929
中山區,松江路111號（對面公車專用道）,121.533016,25.051471
中山區,松江路115號(對面公車專用道),121.53309,25.05174
中山區,南京東路三段222號,121.543616,25.051819
中山區,南京東路二段208號(對面公車專用道上),121.535862,25.051954
中山區,龍江路55巷16號,121.541346,25.049516
中山區,復興北路40號,121.543863,25.049405
中山區,南京東路建國北路口 (對面公車專用道上),121.5365766,25.0520941
中山區,南京東路吉林路路口（對面公車專用道上）,121.529749,25.052011
中山區,南京東路二段110號(對面公車專用道上),121.532234,25.051967
中山區,南京東路三段170號,121.541921,25.051798
中山區,南京東路三段188號旁西側近遼寧街口,121.542079,25.051783
中山區,南京東路三段198號(對面公車專用道上),121.542921,25.051828
中山區,南京東路三段98號(對面公車專用道上),121.53984,25.051896
中山區,南京東路復興北路口 (對面公車專用道上),121.543508,25.051827
中山區,南京東路二段98號,121.531651,25.051918
中山區,松江路156號對面(公車專用道候車亭),121.533006,25.054532
中山區,松江路209號,121.533245,25.05726
中山區,松江路206號對面公車專用道,121.533115,25.057616
中山區,松江路122號對面(公車專用道候車亭),121.532939,25.052449
中山區,松江路156之1號(長春路公車專用道),121.533065,25.054604
中山區,松江路長春路口公車專用道-1,121.533076,25.055168
中山區,松江路長春路口公車專用道-2,121.533087,25.05491
中山區,長春路建國北路口二段交叉口(橋下東北側),121.536933,25.054769
中山區,建國北路二段與民生東路三段交叉口(橋下東南側),121.537209,25.05778
中山區,松江路204巷對面(公車專用道候車亭),121.533141,25.057494
中山區,南京東路二段與吉林路交叉口公車專用道,121.5299893,25.0518929
中山區,南京東路三段65號,121.538414,25.052111
中山區,松江路124巷對面(公車專用道),121.532984,25.052305
中山區,南京東路二段63號(公車專用)對面,121.530129,25.052147
中山區,南京東路龍江路口 (對面公車專用道上),121.540533,25.051889
中山區,南京東路二段111號(公車專用)對面-1,121.533225,25.052055
中山區,南京東路二段111號(公車專用)對面-2,121.533227,25.052055
中山區,南京東路三段1號(公車專用)對面-1,121.537157,25.052036
中山區,南京東路三段1號(公車專用)對面-2,121.537159,25.052036
中山區,南京東路三段131號(公車專用)對面-1,121.540572,25.051952
中山區,南京東路三段131號(公車專用)對面-2,121.540574,25.051952
中山區,南京東路2段65號,121.530493,25.052212
中山區,南京東路2段89號,121.532143,25.052167
中山區,南京東路三段103號前,121.539564,25.052104
中山區,南京東路三段195號,121.542379,25.051985
中山區,南京東路三段217號前,121.543092,25.051971
中山區,復興北路164號,121.543951,25.053417
中山區,南京東路三段223巷口,121.543468,25.051956
中山區,南京東路三段133號,121.541322,25.05204
中山區,南京東路三段與遼寧街口（近南京東路三段133號),121.541969,25.051996
中山區,松江路139號（公車站旁）,121.5332,25.055367
中山區,南京東路3段29號,121.537726,25.052123
中山區,民族東路東往西，大同大學(美術公園)公車站，海霸王旁,121.5238361,25.0684376
中山區,濱江街3號，新生建國抽水站人行道，近新生北路,121.528756,25.07094
中山區,新生北路三段，民族公園人行道-3,121.527659,25.068859
中山區,新生北路三段，圓山抽水站人行道,121.527039,25.071799
中山區,新生北路三段，民族公園人行道，近濱江街口,121.527707,25.071038
中山區,濱江街3號，新生建國抽水站人行道，景興宮對面,121.529204,25.071077
中山區,濱江街3號，新生建國抽水站人行道，近林安泰古厝,121.529928,25.071417
中山區,新生北路三段，臺北市立美術館人行道,121.524728,25.073278
中山區,新生北路三段，中山計程車服務站人行道,121.525833,25.072316
中山區,中山北路一段108號,121.521405,25.049781
中山區,中山北路二段128號,121.522689,25.061734
中山區,中山北路三段，北往南，花博公園圓山園區人行道,121.523482,25.071245
中山區,中山北路三段，南往北，美術公園入口,121.523556,25.070642
中山區,中山北路三段，北往南，花博公園圓山園區人行道，近圓山派出所,121.52395,25.073223
中山區,中山北路三段62號，圓山派出所外,121.523936,25.072717
中山區,中山北路三段62-2號，圓山派出所左側，地下道口,121.52384,25.072529
中山區,中山北路三段，北往南，花博公園圓山園區人行道，海霸王對面,121.522866,25.068967
中山區,民權西路71號,121.51995,25.063062
中山區,民權西路西往東，民權中山路口公車站(公車專用道)-1,121.522232,25.062662
中山區,民權西路西往東，民權中山路口公車站(公車專用道)-2,121.522234,25.062662
中山區,民權東路東往西，民權中山路口公車站(公車專用道)-1,121.522819,25.062872
中山區,民權東路東往西，民權中山路口公車站(公車專用道)-2,121.523204,25.062843
中山區,中山北路三段，北往南，臺北市立美術館公車站牌,121.523072,25.069835
中山區,新生北路三段，民族公園人行道-2,121.527667,25.069841
中山區,新生北路三段，民族公園人行道-1,121.527711,25.0706
中山區,中山北路三段，南往北，臺北市立美術館公車站牌-1,121.523945,25.072079
中山區,中山北路三段，南往北，臺北市立美術館公車站牌-2,121.523947,25.072079
中山區,中山北路三段40號，大同大學公車站,121.522393,25.067189
中山區,民權東路西往東，捷運中山國小公車站(公車專用道)-1,121.525864,25.062727
中山區,民權東路西往東，捷運中山國小公車站(公車專用道)-2,121.525404,25.062609
中山區,民權東路東往西，捷運中山國小公車站(公車專用道)-1,121.525982,25.062723
中山區,民權東路東往西，捷運中山國小公車站(公車專用道)-2,121.525119,25.062662
中山區,建國北路二段與南京東路二段交叉口(橋下西北側),121.53658,25.05212
中山區,建國北路與民生東路二段交叉口(橋下西南側),121.536774,25.057798
中山區,建國北路三段(榮星公園旁公車站牌),121.537335,25.063374
中山區,錦州街臨306號-1,121.536965,25.060279
中山區,松江路361號,121.533316,25.063651
中山區,民生東路三段15號,121.538241,25.057967
中山區,樂群二路明水路口(明水路公車站，東往西方向),121.552649,25.080052
中山區,明水路325號前(北安國中公車站，東往西方向),121.541474,25.077667
中山區,建國北路二段與長春路口建國高架橋下(建國北路二段72號對面),121.536738,25.054837
中正區,忠孝西路一段68號前(地下街Z6出口前),121.5148733,25.0467361
中正區,忠孝西路一段66號(新光三越前),121.515252,25.046607
中正區,忠孝西路一段50號(地下街Z2出入口),121.5158614,25.0464181
中正區,忠孝西路一段50號(大亞大廈),121.5161015,25.0463646
中正區,忠孝西路一段(台北車站捷運M6號出入口),121.5167847,25.0461548
中正區,忠孝西路一段36號前(公園路),121.5171751,25.0460851
中正區,忠孝西路一段41號,121.518339,25.046149
中正區,忠孝西路一段(台北車站捷運M3號出入口),121.5178104,25.0462532
中正區,忠孝西路一段(台北車站捷運Z1電梯出入口),121.515672,25.046824
中正區,忠孝西路一段(捷運M4號出入口),121.5172578,25.0464232
中正區,忠孝西路一段(台北車站捷運M5號與M4號出入口中間公車候車亭),121.5167817,25.0465411
中正區,忠孝西路一段(台北車站M5號出入口北側),121.5163069,25.0466818
中正區,館前路台北車站西側(館前路計程車排班處)-1,121.515283,25.047992
中正區,館前路台北車站西側(館前路計程車排班處)-2,121.515259,25.047793
中正區,北平西路台北車站西側-1,121.516095,25.0475085
中正區,北平西路台北車站西側-2,121.5161513,25.0477693
中正區,市民大道台北車站北側(北1門),121.517368,25.048411
中正區,市民大道一段捷運M1號出入口,121.5179333,25.0483373
中正區,中山北路一段46號前(逸仙公園前),121.5201745,25.0473852
中正區,貴陽街懷寧街口,121.513729,25.03868
中正區,市民大道一段(台北車站北1門公車候車亭),121.51661,25.04856
中正區,中山北路一段40號前(北平西路口),121.5200384,25.047031
中正區,中山北路一段14號前,121.5196815,25.046299
中正區,中山南路2巷口,121.519212,25.045174
中正區,中山南路(西側)與青島西路口,121.519093,25.044731
中正區,中山南路(西側)近濟南路口,121.51879,25.04368
中正區,中山南路(西側)濟南路與徐州路口中間,121.518451,25.042652
中正區,中山南路(西側)徐州路常德路中間,121.51817,25.04157
中正區,中山南路(西側)與常德街口,121.5177778,25.0402778
中正區,中山南路(西側)外交部,121.5172055,25.0384804
中正區,中山南路20號(國家圖書館),121.5169444,25.0375
中正區,中山南路20號（國家圖書館）,121.5169444,25.0372222
中正區,中山南路一段捷運中正紀念堂6號出入口,121.5163889,25.0358333
中正區,公園路與愛國西路口,121.515482,25.035293
中正區,公園路29號(教大附小)-1,121.515142,25.035839
中正區,公園路29號(教大附小)-2,121.515125,25.0359919
中正區,公園路21號(弘道國中)-1,121.515178,25.037142
中正區,公園路21號(弘道國中)-2,121.515169,25.037343
中正區,公園路15之3號,121.515848,25.040076
中正區,公園路台大醫院-1,121.516232,25.041558
中正區,公園路台大醫院-2,121.516429,25.042283
中正區,公園路台大醫院(復健部)3號出口,121.5167524,25.0431906
中正區,公園路15之2號(台大景福館),121.51695,25.044119
中正區,公園路(捷運台大站4號出入口),121.5164174,25.042759
中正區,公園路二二八公園,121.5160573,25.0415
中正區,貴陽街一段(北一女旁),121.5144444,25.0386111
中正區,公園路中央氣象局,121.5150107,25.0380556
中正區,公園路教育大學,121.5148873,25.0360333
中正區,重慶南路教育大學側門,121.5127336,25.0367227
中正區,重慶南路一段(北一女側門),121.5127885,25.0375292
中正區,忠孝西路一段懷寧街口對面(公車候車亭)-1,121.5142196,25.0472156
中正區,忠孝西路一段懷寧街口對面(公車候車亭)-2,121.5142518,25.0474168
中正區,愛國西路5號(台北大學旁),121.5138607,25.0354679
中正區,忠孝西路一段與重慶北路一段口(Z5出口),121.513633,25.047283
中正區,重慶南路一段140號(台北市立大學側)對面,121.51267,25.03588
中正區,重慶南路一段140號,121.512471,25.035705
中正區,愛國西路(台北法院公車站),121.51148,25.03583
中正區,中華路一段77號,121.507615,25.038814
中正區,愛國西路小南門1號出口前,121.509637,25.036473
中正區,中華路一段67號,121.5079735,25.040203
中正區,中華路一段59號,121.508337,25.0413808
中正區,中華路一段69號貴陽街口(北西福利站),121.5077268,25.039347
中正區,寶慶路2號,121.5098341,25.0414911
中正區,中華路一段57號(中華路南站候車亭),121.5081738,25.0415712
中正區,中華路一段53號,121.508819,25.043229
中正區,中華路一段49號,121.5091953,25.04438
中正區,中華路一段41號,121.509318,25.044806
中正區,中華路一段29之2號(公車候車亭),121.5094477,25.04588
中正區,中華路一段29之1號,121.5095662,25.0458394
中正區,貴陽街一段北一女中(介壽公園側),121.514568,25.038745
中正區,中華路一段5號,121.510344,25.047319
中正區,仁愛路一段2-4號東門國小側門,121.5204472,25.03889409
中正區,信義路一段南側(5號對面)(中正紀念堂),121.5212728,25.03697343
中正區,愛國東路114號對面(中正紀念堂大孝門左側),121.5217602,25.03270453
中正區,信義路一段(國家音樂廳入口處旁),121.5190906,25.03807615
中正區,中山南路與愛國東路口(中正紀念堂5號出口),121.51712,25.034755
中正區,中山南路21號(自由廣場)左側,121.517056,25.036084
中正區,中山南路21號自由廣場右側(近貴陽街口),121.5177131,25.037956
中正區,中山南路21號(自由廣場)右側,121.5173964,25.0367203
中正區,信義路一段南側(從林森南路口往紹興南街口)(中正紀念堂),121.5219178,25.03651314
中正區,仁愛路一段1號台大醫學院正門左側,121.5197832,25.03910491
中正區,仁愛路一段1號,121.5185821,25.03919547
中正區,信義路一段南側(9號對面)(中正紀念堂),121.5223439,25.03645417
中正區,信義路一段與林森南路交叉口(公車站內)南側,121.520789,25.037124
中正區,信義路一段(中正紀念堂大忠門左側),121.522731,25.036035
中正區,信義路一段1號(張榮發基金會),121.519026,25.038272
中正區,信義路一段與林森南路交叉口(公車站內)北側,121.520885,25.037352
中正區,紹興南街近仁愛路口(中正紀念堂),121.5230638,25.03725379
中正區,紹興南街36巷口斜對面,121.523068,25.037028
中正區,紹興南街近信義路口(中正紀念堂),121.5230638,25.03725389
中正區,信義路一段(中正紀念堂大忠門右側),121.523036,25.036109
中正區,愛國東路78號對面公車站牌(中正紀念堂大孝門右側),121.519788,25.033785
中正區,信義路一段21號與杭州南路一段交叉口(公車站內)南側,121.5241756,25.0356541
中正區,仁愛路一段北側(台大醫學院停車場出入口),121.520626,25.0389752
中正區,信義路一段21號,121.523267,25.036109
中正區,信義路一段與中山南路口(中正紀念堂旁),121.517947,25.038451
中正區,信義路一段1號北側與中山南路口(張榮發基金會前),121.517701,25.038746
中正區,仁愛路一段南側與中山南路口(張榮發基金會前),121.518236,25.0390875
中正區,信義路一段北側(東門國小後門旁),121.519681,25.037969
中正區,信義路一段南側(中正紀念堂國家音樂廳車輛出入口),121.520633,25.037328
中正區,信義路一段南側與中山南路口(中正紀念堂旁),121.51813,25.038335
中正區,仁愛路二段3號公車站,121.525838,25.038014
中正區,仁愛路一段42號(公車站內)南側,121.5236713,25.0384548
中正區,仁愛路一段19號(青少年育樂中心),121.52253,25.038755
中正區,仁愛路一段南側(東門國小公車站內),121.521431,25.038824
中正區,仁愛路一段與林森南路口(公車站內)北側,121.521185,25.038803
中正區,仁愛路一段2之4號(東門國小前),121.521174,25.038733
中正區,中山南路與仁愛路一段南側(台大公車站),121.518409,25.039116
中正區,中山南路與仁愛路一段(公車站)北側,121.5186,25.039204
中正區,中山南路近仁愛路一段路口,121.518073,25.039575
中正區,仁愛路一段南側近中山南路口(張榮發基金會),121.5185757,25.03914514
中正區,中山南路與愛國東路交叉口,121.516752,25.035169
中正區,中山南路臺大醫院前,121.518312,25.040745
中正區,中山南路與徐州路口,121.518622,25.041796
中正區,仁愛路與紹興南街口,121.523386,25.038293
中正區,忠孝東路與天津街口(警政署旁),121.5216761,25.0453154
中正區,天津街電話亭旁,121.521804,25.045736
中正區,徐州路與林森南路口,121.5222125,25.0410245
中正區,中山南路與濟南路1段教會前,121.519069,25.0433495
中正區,中山南路一段5號(徐州路口),121.5186727,25.0419628
中正區,北平東路2-3號,121.5228522,25.0465644
中正區,中山南路與濟南路口(教育部旁),121.519022,25.0431942
中正區,青島東路2號旁立法院週邊,121.520487,25.044203
中正區,忠孝東路一段警政署公用電話旁,121.5222779,25.0451589
中正區,忠孝東路與鎮江街口(喜來登旁),121.5216325,25.0451258
中正區,忠孝東路10號前,121.5215674,25.0451364
中正區,忠孝東路一段2號(監察院前),121.5207111,25.0453378
中正區,忠孝東路一段(監察院前),121.5203551,25.0454198
中正區,濟南路一段與鎮江街口,121.5209737,25.0427887
中正區,林森北路警政署側門,121.5236247,25.0458539
中正區,中山南路與青島東路交叉口(立法院旁),121.519389,25.044448
中正區,天津街警政署側門旁,121.521919,25.046156
中正區,天津街保六大門旁,121.52201,25.046474
中正區,忠孝東路善導寺捷運站1號出口,121.5230276,25.0449818
中正區,林森北路7號對面,121.5235439,25.0455808
中正區,青島東路立法院側門旁,121.52085,25.04412
中正區,鎮江街4號(監察院側門旁),121.521424,25.044594
中正區,濟南路一段2號(台大校友餐廳前),121.5197509,25.0430904
中正區,濟南路一段2號對面公車站牌,121.5197439,25.0431298
中正區,濟南路一段外交部領事局停車場入口旁,121.5204071,25.0429318
中正區,青島東路立法院1號會館旁天橋下,121.5204738,25.0442395
中正區,北平東路與林森北路口,121.5237645,25.0463432
中正區,濟南路一段5號,121.52179,25.04274
中正區,中山南路監察院邊,121.5195531,25.0449226
中正區,北平東路稅捐稽徵處對面,121.523223,25.0464754
中正區,青島東路立法院第三會館左側,121.52094,25.044132
中正區,徐州路15號,121.5208734,25.0413711
中正區,徐州路台大宿舍對面,121.5215064,25.041207
中正區,忠孝東路一段警政署左側,121.5224603,25.0451118
中正區,濟南路一段(立法院康園餐廳右側),121.5202786,25.0430026
中正區,中山南路一段(監察院邊),121.5196597,25.0452959
中正區,北平東路警政署理髮廳,121.523381,25.0464371
中正區,北平東路台北國際藝術村對面,121.5221109,25.04675
中正區,林森北路與北平東路口,121.5237182,25.0462135
中正區,林森南路與徐州路口,121.5222346,25.0410725
中正區,濟南路一段(立法院停車場入口旁),121.5209616,25.0428316
中正區,中山南路與青島東路口(監察院旁),121.5194482,25.0445463
中正區,中山北路一段20號對面,121.520164,25.046537
中正區,天津街1號義警大隊旁,121.5217589,25.0456003
中正區,中山北路與北平東路口,121.520417,25.04708
中正區,北平東路與中山北路口(消防隊對面),121.520608,25.047111
中正區,林森北路善導寺1號出口後面,121.52334,25.044725
中正區,濟南路教育部員工消費合作社旁,121.5194706,25.0431526
中正區,濟南路經濟部標準檢驗局旁,121.52068,25.0428634
中正區,青島東路監察院側門,121.520137,25.044318
中正區,濟南路一段1號旁,121.519508,25.043223
中正區,鎮江街(監察院郵局前),121.521502,25.044869
中正區,徐州路5號,121.5194,25.0417
中正區,徐州路9號,121.5202,25.0415
中正區,濟南路6號,121.5213525,25.0427559
中正區,和平西路與牯嶺街交差口,121.518825,25.026587
中正區,福州街14號(郵政醫院前),121.518759,25.028872
中正區,羅斯福路一段28號前,121.519057,25.031455
中正區,羅斯福路二段1號前(公車候車亭),121.520659,25.029512
中正區,羅斯福路一段6號前(中正紀念堂站1號出口),121.517816,25.033142
中正區,南昌路一段4號,121.515074,25.034004
中正區,羅斯福路二段50號(對面公車站),121.521798,25.02778
中正區,羅斯福路二段11號(郵筒旁),121.52139,25.02862
中正區,重慶南路二段15號,121.514119,25.032515
中正區,南昌路一段8號,121.515357,25.033671
中正區,南昌路一段10巷口,121.515636,25.033304
中正區,南昌路一段1-1號,121.515377,25.033786
中正區,愛國西路2號,121.515759,25.034651
中正區,羅斯福路一段4號(勞保局),121.51747,25.033671
中正區,羅斯福路一段48號前,121.519372,25.031047
中正區,羅斯福路一段102號(對面公車站),121.520224,25.029995
中正區,羅斯福路一段27號,121.518497,25.032569
中正區,羅斯福路一段43號(捷運3號出口),121.518865,25.032073
中正區,牯嶺街81巷口,121.518084,25.027834
中正區,羅斯福路二段74號前(捷運古亭站對面公車道),121.52224,25.02721
中正區,羅斯福路一段1-1號,121.517322,25.034313
中正區,羅斯福路二段200號(公車站),121.524291,25.024506
中正區,羅斯福路二段200號,121.524412,25.024346
中正區,南昌路一段1號,121.515796,25.033454
中正區,福州街16號,121.518392,25.028679
中正區,羅斯福路三段62號(公車站),121.526054,25.022477
中正區,福州街12號,121.519539,25.029337
中正區,福州街28號,121.516867,25.027734
中正區,和平西路一段109號,121.517191,25.027014
中正區,重慶南路二段23號,121.514231,25.032325
中正區,羅斯福路一段7號,121.517815,25.033631
中正區,重慶南路二段9號,121.513868,25.032988
中正區,福州街22號,121.517287,25.027996
中正區,南海路49號,121.511203,25.031086
中正區,三元街與南海路口,121.508717,25.029667
中正區,南海路35號,121.513642,25.031738
中正區,愛國西路42巷口右側(公車站牌),121.5083928,25.0363735
中正區,南海路41號,121.512432,25.031509
中正區,愛國西路16號(公車站旁),121.511965,25.035124
中正區,重慶南路二段10號(公用電話旁),121.51315,25.033749
中正區,重慶南路二段(中正二分局前)-1,121.513843,25.032604
中正區,南海路與重慶南路口(天橋上),121.5144444,25.03166667
中正區,南海路39號,121.512824,25.031585
中正區,和平西路二段(植物園前),121.508572,25.030945
中正區,和平西路二段100號,121.50967,25.030225
中正區,南海路56號(公車站旁),121.5124913,25.03141458
中正區,重慶南路二段20巷口(農委會側門),121.5137795,25.0327087
中正區,愛國西路小南門4號出口,121.511541,25.03522
中正區,三元街67號,121.5085009,25.03009671
中正區,南海路60號左側,121.509121,25.030243
中正區,重慶南路二段16號,121.513442,25.033254
中正區,南海路58號,121.5117776,25.03118992
中正區,重慶南路三段4號巷口,121.5152971,25.029433
中正區,和平西路二段104巷口,121.508276,25.03095
中正區,重慶南路二段(中正二分局前)-2,121.514138,25.032158
中正區,南海路71巷口,121.5087056,25.02939346
中正區,和平西路二段102號,121.50889,25.030643
中正區,汀州路三段4號(螢橋國中),121.52625,25.019509
中正區,汀州路三段8號(替代役中心),121.527149,25.017986
中正區,思源街1號(自來水博物館)戲水池前,121.530982,25.013998
中正區,羅斯福路三段242號(公車候車亭)-1,121.531405,25.017525
中正區,羅斯福路三段242號(公車候車亭)-2,121.531415,25.017505
中正區,思源街1號(自來水博物館)南區事業處尾區,121.528658,25.012007
中正區,羅斯福路四段54號,121.533914,25.014972
中正區,汀州路三段261號,121.535278,25.012887
中正區,思源街1號(自來水博物館)自來水南區事業處尾處,121.528778,25.012139
中正區,汀州路三段287號,121.535672,25.012258
中正區,羅斯福路四段68號,121.534322,25.014546
中正區,羅斯福路四段74號,121.534494,25.014418
中正區,思源街14號(7-11便利商店),121.531184,25.014237
中正區,羅斯福路四段74號(公車候車亭),121.534623,25.014354
中正區,四段152號,121.536197,25.012627
中正區,羅斯福路四段22號前,121.533082,25.015587
中正區,思源街16號(星巴克咖啡),121.530214,25.013552
中正區,羅斯福路四段182號,121.536528,25.012083
中正區,羅斯福路四段106號(水源市場前),121.535354,25.01355
中正區,羅斯福路四段112號,121.535474,25.013433
中正區,汀州路三段297號,121.535747,25.011883
中正區,思源街18號,121.53001,25.013392
中正區,羅斯福路四段130號,121.535849,25.013029
中正區,羅斯福路四段142號,121.535972,25.012837
中正區,思源街1號(自來水博物館)自來水南區事業處,121.530512,25.013614
中正區,羅斯福路四段44號,121.533643,25.015241
中正區,羅斯福路三段258號旁綠化空地前,121.53177,25.016969
中正區,思源街16號(禮客)前,121.530699,25.013895
中正區,羅斯福路四段6號,121.53295,25.015954
中正區,羅斯福路三段230號,121.530302,25.018526
中正區,羅斯福路四段70號之1,121.534408,25.014482
中正區,羅斯福路四段76,121.534627,25.014333
中正區,羅斯福路四段124號,121.53574,25.013213
內湖區,民權東路6段138號(新湖國小前),121.58877,25.068902
內湖區,成功路2段312巷口(湖興公園前),121.590518,25.06688
內湖區,成功路2段233號(薑母鴨前),121.590828,25.067736
內湖區,民權東路6段97號(士林地方法院前),121.588341,25.069167
內湖區,民權東路6段45號(三民國中左邊),121.585607,25.06903
內湖區,民權東路6段156號(土地銀行前),121.591798,25.06883
內湖區,民權東路6段186號旁,121.59319,25.068808
內湖區,民權東路6段208號(網球中心站牌),121.596793,25.067759
內湖區,民權東路6段218巷口民權敦品公車站牌,121.598281,25.067105
內湖區,民權東路6段191巷口,121.597666,25.067621
內湖區,成功路2段193巷口(下灣公園前),121.590735,25.066867
內湖區,成功路2段(三軍總院站牌),121.590074,25.071174
內湖區,成功路2段369號(橡木桶前),121.590067,25.073745
內湖區,民權東路6段228號前人行道,121.599735,25.066729
內湖區,民權東路6段253號前人行道,121.601013,25.067322
內湖區,民權東路6段173號公車站牌旁,121.595968,25.068342
內湖區,文德路單號側(內湖高中站牌),121.588224,25.078998
內湖區,陽光街雙號側(內湖國中站牌),121.587712,25.076974
內湖區,陽光街單號側(內湖國中站牌),121.587773,25.076899
內湖區,文德路175號前(捷運站旁),121.586021,25.078672
內湖區,文德路50號(文德3號公園前),121.580915,25.078368
內湖區,成功路3段(內湖國中成功路側門右邊)1,121.589948,25.077045
內湖區,成功路3段(內湖國中成功路側門右邊)2,121.59004,25.076775
內湖區,石潭路137號前(石潭成功路口站牌)1,121.58954,25.06334
內湖區,石潭路137號前(石潭成功路口站牌)2,121.58905,25.0632
內湖區,成功路2段(石潭公園成功站牌),121.591071,25.060907
內湖區,行善路與金豐街交叉口,121.58609,25.06602
內湖區,南京東路六段與堤頂大道交叉口,121.576301,25.054826
內湖區,成功路二段376號防災科學教育館側邊,121.590029,25.069098
內湖區,文德捷運站2號出口右側50公尺處,121.5851287,25.07843929
內湖區,成功路4段360號,121.600291,25.084755
內湖區,成功路4段64號,121.592608,25.082647
內湖區,成功路3段61號方濟中學,121.590254,25.076919
內湖區,成功路3段143號,121.5900094,25.0795986
內湖區,成功路4段57號公車站牌,121.592259,25.081939
內湖區,成功路4段155號,121.594027,25.083273
內湖區,成功路4段363號,121.600137,25.084547
內湖區,成功路5段大湖公園捷運站2號出口,121.602535,25.083526
內湖區,成功路5段大湖公園1(游泳池),121.604992,25.082869
內湖區,成功路5段大湖公園2(觀景台往回走30公尺處),121.606554,25.081568
內湖區,成功路5段大湖公園3(靠東湖),121.607127,25.079751
內湖區,成功路5段大湖公園捷運站1號出口,121.602631,25.083767
內湖區,金龍路226號,121.586706,25.088489
內湖區,內湖路2段177號,121.587041,25.081281
內湖區,成功路4段188號(內湖捷運站1號出口1),121.594069,25.083805
內湖區,成功路3段172之2號,121.590657,25.080705
內湖區,成功路4段188號(內湖捷運站1號出口2),121.594166,25.083706
內湖區,金龍路187號對面,121.588133,25.086954
內湖區,康寧路3段183號,121.611832,25.070028
內湖區,康寧路3段105號(明湖國小),121.610746,25.071044
內湖區,康寧路3段81號公車站牌,121.609381,25.071824
內湖區,成功路5段39號前,121.606994,25.07762
內湖區,成功路5段404號對面候車亭,121.607143,25.075824
內湖區,東湖路142號公車站牌,121.616935,25.068019
內湖區,民權東路6段471號公車站牌,121.604954,25.072516
內湖區,康寧路3段157號公車站牌,121.611479,25.070491
內湖區,康寧路3段54-5號公車站牌,121.609292,25.071611
內湖區,康寧路3段70巷口明湖國中旁,121.611121,25.070433
內湖區,康寧路3段220號,121.611502,25.067608
內湖區,東湖路130號,121.616675,25.068087
內湖區,康寧路3段16號葫洲捷運站2號出口,121.6069892,25.0726127
內湖區,安康路內湖焚化廠內,121.604699,25.063238
內湖區,成功路5段450巷23弄口葫洲捷運站,121.608274,25.072665
內湖區,康寧路3段18號,121.60746,25.072419
內湖區,康寧路3段東湖捷運站2號出口,121.611256,25.067153
內湖區,康寧路3段51號葫洲站1號出口,121.607904,25.072534
內湖區,內湖焚化廠能源中心前公車站牌,121.603413,25.062444
內湖區,民權東路六段268號前公車站牌,121.604741,25.071685
內湖區,金湖路365號衛勤訓練中心公車站牌,121.6025983,25.0735604
內湖區,內湖路1段606號公車站牌右側,121.578433,25.078681
內湖區,文德路25號公車站牌左側20公尺,121.580903,25.078572
內湖區,內湖路2段與文德路口小公園旁,121.579495,25.078628
內湖區,內湖路1段741號左側,121.578761,25.078827
內湖區,內湖路1段733號公車站牌,121.578204,25.079034
內湖區,內湖路1段719號公車站牌,121.577768,25.079201
內湖區,內湖路1段277號公車站牌,121.56579,25.082465
內湖區,內湖路1段217巷口公車站牌右側,121.564168,25.08309
內湖區,內湖路1段99號公車站牌,121.5615179,25.084428
內湖區,環山路2段65號對面公車站牌,121.574157,25.08525
內湖區,內湖路1段225巷口,121.564774,25.082788
內湖區,內湖路1段285巷口,121.566367,25.082353
內湖區,內湖路1段659號前(港墘捷運站),121.575605,25.08008
內湖區,環山路1段46號對面,121.565637,25.085564
內湖區,文德路91號右側10公尺,121.582943,25.078615
內湖區,內湖路1段1段594號公車站牌右側,121.57771,25.078965
內湖區,內湖路1段239號前,121.565427,25.08257
內湖區,內湖路1段285巷口西湖捷運站,121.566814,25.082314
內湖區,內湖路1段594號(西湖圖書館),121.577409,25.079125
內湖區,內湖路1段550號港墘派出所邊,121.576646,25.078863
內湖區,內湖路1段687號右側30公尺處,121.576712,25.079711
內湖區,內湖路1段550號港墘派出所前10公尺,121.577002,25.078915
內湖區,內湖路1段117號前,121.561975,25.084245
內湖區,環山路2段65號對面公車站牌旁,121.574555,25.085099
內湖區,環山路2段10巷口旁公車站牌,121.571266,25.086383
內湖區,內湖路1段667巷口(港墘捷運站1號出口),121.575777,25.079972
內湖區,內湖路1段550號前50公尺處圓環,121.577044,25.079257
內湖區,舊宗路一段188號,121.5769,25.0631
內湖區,民權東路6段25號時報廣場站牌,121.583101,25.06857
內湖區,民權東路6段13號民權大橋站牌,121.579051,25.066989
內湖區,民權東路6段13號對面民權大橋站牌,121.579519,25.066866
內湖區,行愛路176號,121.579176,25.06528
內湖區,舊宗路2段2號旁內湖運動公園站牌,121.57444,25.068333
內湖區,舊宗路2段213號（與港墘路交接口）,121.572823,25.074128
內湖區,舊宗路1段319號金莎家俱旁,121.576238,25.064381
內湖區,舊宗路1段188號大潤發二館(往右移置10公尺),121.576863,25.063175
內湖區,舊宗路1段130號統一皇帽汽車百貨店前,121.577507,25.062327
內湖區,舊宗路1段128號大潤發一館前1,121.578903,25.060483
內湖區,瑞光路498號台灣大哥大店旁站牌,121.5685,25.0792
內湖區,新湖二路233號,121.5811,25.0637
內湖區,瑞光路321號台北花市站牌,121.57307,25.07734
內湖區,瑞光路581號仁寶大樓站牌,121.568518,25.079345
內湖區,瑞光路639號竹城大廈,121.566114,25.080454
內湖區,基湖路8號內湖基湖路口站牌,121.565255,25.08195
內湖區,內湖路1段66號(北勢湖公園),121.561563,25.084098
內湖區,內湖路1段126號治盤新村站牌,121.563779,25.082938
內湖區,內湖路1段246號西湖市場站牌,121.565813,25.082193
內湖區,舊宗路二段213巷 (與港墘路221巷交接口),121.574242,25.073565
內湖區,舊宗路一段130號,121.5776,25.0622
內湖區,舊宗路一段128號,121.5787,25.0608
內湖區,民權東路6段26號,121.57951,25.06687
內湖區,瑞光路498號仁寶大樓站牌,121.568605,25.07911
內湖區,瑞光路356號台北花市站牌,121.573312,25.077037
內湖區,舊宗路2段內湖運動公園站,121.574444,25.067777
內湖區,瑞光路110號公館山站牌,121.580858,25.072042
內湖區,基湖路25號,121.564883,25.080194
內湖區,新湖一路73號,121.575562,25.058668
內湖區,瑞光路110號公車站牌,121.5808027,25.0721491
內湖區,舊宗路2段213巷旁,121.573012,25.073868
內湖區,新湖二路233號(東南客運對面),121.5810833,25.06363889
內湖區,新湖一路73號對面,121.5751944,25.05852778
內湖區,舊宗路2段１號,121.5748056,25.06675
內湖區,行愛路169號,121.579083,25.065641
文山區,羅斯福路5段27號公車專用道,121.5380978,25.00819957
文山區,羅斯福路5段72號公車專用道,121.5384254,25.00765943
文山區,羅斯福路5段215號,121.53573,24.99839
文山區,羅斯福路6段142巷與汀洲路4段交叉口,121.535512,24.999636
文山區,景福街131號對面,121.536035,24.996542
文山區,羅斯福路6段142巷與汀洲路4段交叉口,121.535512,24.999636
文山區,景福街125號對面,121.53602,24.99674
文山區,羅斯福路5段72號,121.5384254,25.00765943
文山區,景福街110號,121.53662,24.99828
文山區,文山區溪州街與溪州街137巷交叉口,121.5354677,24.9999107
文山區,興隆路2段156號,121.5514597,25.0017402
文山區,興隆路2段156號,121.5516025,25.0017584
文山區,興隆路2段160號,121.551554,25.001729
文山區,辛亥路4段85號對面,121.558562,25.007168
文山區,興隆路2段160號,121.551487,25.001724
文山區,辛亥路4段95號對面,121.558522,25.006791
文山區,辛亥路4段128號,121.557056,25.005052
文山區,興隆路2段123巷10號對面,121.547448,25.000402
文山區,興隆路2段123巷10號對面,121.547463,25.000386
文山區,景豐街48巷25弄對面,121.547184,25.000589
文山區,辛亥路四段130巷口,121.55695,25.004917
文山區,景豐街48巷25弄對面,121.547267,25.000629
文山區,忠順街2段22號全聯超市右側,121.563242,24.984609
文山區,木柵路2段145號前,121.562725,24.989021
文山區,指南路3段38巷23號旁,121.588291,24.970264
文山區,指南路3段38巷16-1號對面,121.587202,24.969724
文山區,興隆路4段木柵游泳池公車站,121.560637,24.987145
文山區,秀明路1段(久康公園),121.564158,24.989408
文山區,忠順街2段22號全聯超市左側,121.56296,24.984566
文山區,興隆路4段木柵游泳池公車站,121.560822,24.9868
文山區,木柵路1段-世新大學公車站,121.543957,24.98853
文山區,指南路3段38巷16-2號(緣續緣茶莊斜對面),121.587764,24.968699
文山區,指南路3段38巷14號旁(田寮橋)-1,121.586901,24.9703
文山區,指南路3段38巷14號旁(田寮橋)-2,121.587059,24.970234
文山區,指南路3段38巷14號旁(田寮橋)-3,121.587032,24.970253
文山區,指南路3段38巷14號旁(田寮橋)-4,121.586898,24.970353
文山區,指南路3段38巷17號前30公尺轉彎處(田寮橋),121.580207,24.972586
文山區,指南路3段38巷17號前30公尺轉彎處(田寮橋),121.578648,24.97277
文山區,指南路3段38巷17號前30公尺轉彎處(田寮橋),121.578943,24.972704
文山區,指南路3段38巷16-1號(樟湖橋),121.587178,24.970748
文山區,指南路3段38巷16-1號(樟湖橋)-1,121.587286,24.970065
文山區,指南路3段38巷16-2號(緣續緣茶莊斜對面),121.587445,24.969188
文山區,指南路3段38巷18-2號旁(貓空纜車站公車站牌對面),121.587896,24.968292
文山區,指南路3段38巷16-1號(樟湖橋)-2,121.587514,24.970228
文山區,指南路3段38巷16-1號(樟湖橋)-3,121.587436,24.970177
文山區,指南路3段38巷22-1號(大觀園)斜對面,121.587359,24.96716
文山區,指南路3段38巷33號紅木屋前120公尺處(樟湖幹147A對面),121.589731,24.966635
文山區,指南路3段38巷33號紅木屋前120公尺處(樟湖幹147A對面)-1,121.589696,24.966631
文山區,指南路3段38巷37-2號(天恩宮轉角),121.592337,24.970737
文山區,指南路3段38巷37-2號(天恩宮轉角)-1,121.592422,24.970725
文山區,指南路3段40巷草湳橋,121.605581,24.970444
文山區,指南路3段40巷8-4號對面停車場 (貓空公車壺穴站),121.595573,24.96889
文山區,指南路3段40巷8-4號對面停車場 (貓空公車壺穴站)-1,?121.595369,24.968972
文山區,指南路3段40巷8號喜相逢對面天空小步道(貓空公車站),121.595365,24.968069
文山區,指南路3段40巷8號喜相逢對面天空小步道(貓空公車站)-1,121.595343,24.967979
文山區,指南路3段40巷12-2號金盆茗茶對面天空小步道(公車貓空站),121.595465,24.967923
文山區,指南路3段40巷12-2號金盆茗茶對面天空小步道(公車貓空站)-1,121.595448,24.967899
文山區,指南路3段40巷20-3號旁(公車涼亭站),121.59733,24.965694
文山區,指南路3段40巷20-3號旁(公車涼亭站)-1,121.597392,24.965761
文山區,指南路3段40巷草湳橋-1,121.605469,24.970077
文山區,指南路3段40巷草湳橋-2,121.605584,24.970096
文山區,指南路3段40巷草湳橋-3,121.605453,24.970108
文山區,指南路3段40巷草湳橋-4,121.605389,24.970465
文山區,指南路3段197號斜對面,121.608427,24.970035
文山區,指南路3段197號斜對面,121.608505,24.969915
文山區,指南路3段3段157巷200號(纜車指南宮站),121.589617,24.978638
文山區,指南路3段3段157巷200號(纜車指南宮站)-1,121.589587,24.978636
文山區,指南路3段3段157巷200號(纜車指南宮站)-2,121.589485,24.978579
文山區,萬壽路85號(指南宮車站候車亭旁),121.585499,24.981199
文山區,指南路三段40巷12-2號金盆茗茶對面天空小步道(公車貓空站)-2,121.597179,24.967737
文山區,指南路三段40巷12-2號金盆茗茶對面天空小步道(公車貓空站)-3,121.597179,24.967737
文山區,新光路2段32號動物園站B1候車亭-1,121.580162,24.998799
文山區,新光路2段8號貓覽動物園站B2候車亭-1,121.576541,24.996643
文山區,新光路2段8號貓覽動物園站A1候車亭-1,121.57618,24.996308
文山區,新光路2段32號動物園站A3候車亭-1,121.580019,24.998571
文山區,新光路2段32號動物園站B1候車亭-2,121.580426,24.998961
文山區,新光路2段動物園汙水處理廠(河川側),121.574989,24.995824
文山區,新光路2段8號貓覽動物園站B2候車亭-2,121.57667,24.99671
文山區,新光路2段8號貓纜動物園站水舞區(河川側)-1,121.57541,24.996069
文山區,新光路2段8號貓纜動物園站水舞區(河川側)-2,121.5754,24.996063
文山區,新光路2段8號貓纜動物園站A1候車亭-2,121.576009,24.996204
文山區,新光路2段8號貓覽動物園站A1候車亭-3,121.575884,24.996131
文山區,新光路2段8號貓纜動物園站(河川側)-1,121.575779,24.996298
文山區,新光路2段8號貓纜動物園站(河川側)-2,121.575768,24.996293
文山區,新光路2段30號動物園-1,121.582164,24.999737
文山區,新光路2段8號動物園汙水處理廠(河川側)-1,121.574408,24.995496
文山區,新光路2段30號動物園-2,121.582341,24.999842
文山區,新光路2段8號動物園汙水處理廠(河川側)-2,121.57411,24.995304
文山區,新光路2段30號動物園-3,121.582622,24.999891
文山區,新光路2段32號動物園站A3候車亭-2,121.579802,24.998449
文山區,新光路2段8號貓覽動物園站B2候車亭-3,121.57681,24.99681
文山區,木柵路4段135號捷運木柵站,121.57395,24.998013
文山區,木柵路4段135號捷運木柵站[近停車場出入口],121.573156,24.998102
北投區,文承路文林國小圍牆旁,121.515601,25.105121
北投區,文承路中正高中圍牆旁,121.515619,25.105076
北投區,文林北路中正高中圍牆旁,121.516033,25.105013
北投區,承德路7段單號(承德公館路口站),121.501961,25.118842
北投區,承德路7段雙號(承德公館路口站2),121.501492,25.119776
北投區,承德路7段雙號(承德公館路口站),121.50122,25.12002
北投區,承德路7段單號(立農國小站),121.503387,25.117519
北投區,承德路7段單號(立農國小站2),121.503702,25.117274
北投區,公館路433號對面,121.502064,25.120388
北投區,公館路423巷口對面,121.50238,25.12087
北投區,振興街19號對面,121.522003,25.11831
北投區,明德路365號(振興醫院站),121.521947,25.117599
北投區,石牌路2段單號(榮總站2),121.520304,25.118669
北投區,石牌路2段雙號(榮總站2),121.51961,25.11862
北投區,石牌路2段雙號(榮總站),121.51948,25.11863
北投區,石牌路2段單號(榮總站),121.52085,25.11891
北投區,石牌路2段單號(榮光新村站),121.52261,25.1198
北投區,文林北路公車站(文林國小站2),121.514683,25.107485
北投區,石牌路2段322號旁(榮光新村站)往右側移5公尺,121.52275,25.11979
北投區,北投路1段與公館路口,121.50254,25.1214
北投區,天母西路107號對面(振興公園站),121.52335,25.11876
北投區,文林北路296號對面(石牌站),121.51199,25.109803
北投區,文林北路296號對面(石牌站2),121.512521,25.109381
北投區,文承路文林國小圍牆旁2,121.514361,25.104982
北投區,文承路中正高中圍牆旁2,121.514431,25.104765
北投區,承德路六段與文承路口(公車站：建民里一),121.512099,25.105202
北投區,文林北路75巷文承路交叉口,121.51562,25.105341
北投區,文林北路公車站(文林國小站),121.514592,25.107545
北投區,文承路靠近文林北路口,121.516238,25.105688
北投區,溫泉路144號旁電杆,121.512467,25.138577
北投區,大業路大興街口公車站牌(往台北方向),121.496815,25.129797
北投區,大業路673號旁站牌,121.499656,25.137138
北投區,大業路(捷運北投站)站牌,121.49608,25.131942
北投區,大業路420號,121.49677,25.130484
北投區,大業路65巷口路旁路口,121.499012,25.123495
北投區,大業路514號前,121.496084,25.13379
北投區,大業路37號旁公車站牌,121.499134,25.122876
北投區,大業路368號旁公車站牌,121.497415,25.129146
北投區,公館路376巷6弄2號斜對面,121.503379,25.1239
北投區,中山路31號前(公車站牌),121.51142,25.138382
北投區,北投路2段豐年路口公車站牌,121.496777,25.134187
北投區,中央北路2段70號前,121.492611,25.138099
北投區,北投路2段3號公園後左側,121.497595,25.131827
北投區,北投路2段3號公園後右側,121.497503,25.132503
北投區,北投路2段3號公園前(左側),121.497987,25.132064
北投區,北投路2段3號公園前(右側),121.49841,25.131504
北投區,大業路292號對面公車站牌,121.497725,25.12762
北投區,大業路263號(人行道),121.498073,25.1268
北投區,大業路260號前,121.498369,25.126434
北投區,大業路20號前,121.4994,25.12333
北投區,大業路151號(人行道),121.498795,25.124356
北投區,中央北路1段73號公車站牌旁,121.500849,25.133877
北投區,大業路452巷口(往台北方向),121.496094,25.131222
北投區,大業路12號前,121.499517,25.1228
北投區,大業路中庸二號公園(168號車格),121.501446,25.137165
北投區,稻香路108巷巷底,121.492368,25.14477
北投區,大業路245號路口,121.498367,25.125723
北投區,大業路三合街二段路口(1號車格),121.498543,25.125877
北投區,大度路3段250號與3段270巷交叉路口旁,121.467033,25.123461
北投區,大度路3段250號旁,121.467431,25.123381
北投區,大度路3段168號旁,121.468244,25.123329
北投區,大度路3段168號前,121.468736,25.123297
北投區,大度路大度立德路口公車站牌旁(往北),121.47012,25.123069
北投區,大度路大度立德路口公車站牌旁靠近賓士公司前(往北),121.470616,25.122791
北投區,大度路大度立德路口公車站牌旁(往南),121.470915,25.123104
北投區,大度路立功街口,121.46895,25.12316
北投區,立功街立功街口,121.468902,25.123585
北投區,立功街立功立德公車站旁,121.471048,25.125493
北投區,立功街一德停車場前,121.470566,25.12572
北投區,立德路大愛電視台公車站旁,121.471458,25.123868
北投區,立德路慈濟志業中心公車站旁台電公司斜對面,121.471635,25.12371
北投區,立德路大愛電視台公車站旁靠近台電前,121.471365,25.12353
北投區,立德路慈濟志業中心公車站,121.47161,25.123832
北投區,立德路立德大度路口,121.471414,25.123024
北投區,關渡路關渡路口公車站(北側),121.469959,25.122786
北投區,大度路3段270巷(Ubike據點旁),121.467117,25.12394
北投區,關渡路立功街立德路口,121.47169,25.1253
北投區,立功街9號對面,121.522556,25.142548
北投區,泉源路大磺嘴公車站牌旁,121.526621,25.143879
北投區,行義路與陽投公路交口旁,121.528164,25.137621
北投區,行義路椰林公車站牌旁,121.527136,25.144342
北投區,泉源路惇敘工商(泉源)公車站牌旁,121.527283,25.143518
北投區,行義路惇敘工商(行義)公車站牌旁,121.527202,25.143263
北投區,泉源路惇敘工商(行義)(往山下)公車站牌旁,121.528826,25.154351
北投區,東昇路風尾公車站牌旁,121.514185,25.138683
北投區,幽雅路杏林巷口旁,121.547252,25.143556
北投區,行義路惇敘工商(行義)公車站牌旁,121.527136,25.144342
北投區,泉源路惇敘工商(泉源)公車站牌旁,121.524427,25.149101
北投區,東昇路34號對面,121.532301,25.151096
北投區,紗帽路143號旁,121.545919,25.15149
北投區,紗帽路第一展望台公車站牌旁,121.532076,25.159966
北投區,東昇路197號圳內公車站牌旁,121.545919,25.151486
北投區,紗帽路143號旁,121.545045,25.151938
北投區,紗帽路141巷23號前,121.523085,25.145939
北投區,東昇路12巷口旁,121.530064,25.156227
北投區,東昇路108之2號前,121.515756,25.141497
北投區,泉源路(天佛憚寺)交叉口,121.535586,25.143121
北投區,紗帽路大埔(明玄宮)公車站牌旁,121.468997,25.12448
松山區,東興路12號,121.565344,25.049896
松山區,東興路21號,121.565449,25.049692
松山區,光復北路3號,121.557926,25.048602
松山區,光復北路13號,121.557973,25.049273
松山區,南京東路5段64號(公車站內)前,121.560214,25.051473
松山區,八德路4段199號,121.563703,25.048843
松山區,南京東路5段202號,121.564789,25.051295
松山區,南京東路5段268號,121.566717,25.051259
松山區,南京東路5段385號,121.569171,25.05145
松山區,南京東路5段237號,121.5648,25.051507
松山區,三民路36號,121.563881,25.053151
松山區,三民路64號,121.563839,25.054841
松山區,三民路33號,121.563731,25.055304
松山區,健康路195號,121.562265,25.054147
松山區,八德路4段21號,121.559286,25.048394
松山區,八德路4段622號,121.573891,25.04992
松山區,八德路4段746號(松山國小)(捷運松山站5號出口),121.577748,25.05054
松山區,八德路4段723號(捷運松山站1號出口),121.577251,25.05014
松山區,八德路4段83號,121.560168,25.048479
松山區,南京東路5段348號,121.569174,25.051142
松山區,塔悠路82號,121.569927,25.053122
松山區,南京東路5段182號(捷運站),121.563599,25.051343
松山區,八德路4段689號(捷運站),121.57641,25.050118
松山區,八德路4段746號,121.577765,25.050933
松山區,塔悠路塔悠路與健康路口,121.569757,25.053904
松山區,民生東路3段156號,121.5475,25.0575
松山區,敦化北路150號(S-HOTEL前),121.548611,25.054722
松山區,敦化北路長春敦化路口公車專用道/前,121.548888,25.054444
松山區,敦化北路長春敦化路口公車專用道/後,121.548853,25.054966
松山區,敦化北路122號,121.548692,25.053955
松山區,敦化北路102號,121.5486111,25.053333
松山區,敦化北路100號,121.548611,25.052777
松山區,敦化北路南京敦化路口公車專用道/前,121.548888,25.052222
松山區,敦化北路南京敦化路口公車專用道/後,121.54889,25.052506
松山區,敦化北路62號,121.548611,25.051111
松山區,敦化北路4巷口,121.548656,25.050203
松山區,敦化北路敦化國小校門對面,121.548807,25.048856
松山區,敦化北路敦化北路與八德路交叉口,121.5486111,25.048611
松山區,敦化北路八德敦化路口公車專用道/前,121.548801,25.048332
松山區,敦化北路八德敦化路口公車專用道/後,121.548812,25.048742
松山區,敦化南路1段88號,121.5486111,25.046944
松山區,敦化南路1段108號,121.5486111,25.045
松山區,敦化南路市民敦南路口公車專用道/前,121.54878,25.045244
松山區,敦化南路市民敦南路口公車專用道/後,121.548775,25.045689
松山區,復興南路1段43號,121.5441667,25.04583333
松山區,南京東路南京復興站公車專用道/前(兄弟飯店),121.544449,25.051891
松山區,南京東路南京復興站公車專用道/後(兄弟飯店),121.544757,25.051894
松山區,南京東路3段340號對面南京敦化站公車專用道,121.548123,25.051769
松山區,南京東路3段350號對面南京敦化站公車專用道,121.548456,25.051778
松山區,南京東路4段與敦化北路口(大樹下),121.549303,25.051593
松山區,南京東路4段2號人行道,121.550016,25.051606
松山區,南京東路4段2號(捷運小巨蛋2號出口),121.550835,25.051581
松山區,南京東路4段10號(捷運小巨蛋3號出口),121.5525,25.05156
松山區,南京東路4段18號(捷運小巨蛋4號出口),121.553332,25.051546
松山區,南京東路4段102號,121.554167,25.051535
松山區,南京東路4段114號,121.554739,25.051508
松山區,南京東路南京寧安站公車專用道/前,121.5547,25.05158
松山區,南京東路南京寧安站公車專用道/後,121.554396,25.051585
松山區,南京東路4段126號彰化銀行前,121.55525,25.051507
松山區,南京東路4段156號艾捷天麗大飯店前,121.556109,25.051468
松山區,敦化南路1段57號,121.5491667,25.045833
松山區,敦化南路1段5號,121.549198,25.047034
松山區,敦化南路1段3號(八德路與敦化北路口),121.5491667,25.0475
松山區,八德路3段20號(7-11前台視公車站),121.551187,25.048132
松山區,八德路3段25號(八德路與北寧路口),121.552493,25.04831
松山區,八德路3段10號對面(松山運動中心),121.550315,25.048248
松山區,八德路3段8巷對面,121.549398,25.048249
松山區,敦化北路市立體育場公車站牌,121.5491667,25.049166
松山區,敦化北路台北田徑場敦北出口,121.5491667,25.049444
松山區,敦化北路5號小巨蛋周邊,121.5491667,25.050277
松山區,敦化北路5號7-11前小巨蛋周邊,121.5491667,25.051111
松山區,八德路3段30號對面,121.551431,25.048248
松山區,民生東路3段158號,121.548342,25.05762
松山區,南京東路3段342號公車專用道,121.547603,25.051756
松山區,南京東路4段70號,121.553895,25.051595
松山區,光復北路226號前(光復北路與光復北路230巷路口),121.555558,25.056088
松山區,光復北路220號(松山新城公車站),121.5532223,25.055756
松山區,光復北路口與健康路,121.5567241,25.0535179
松山區,健康路158號(健康21世紀大樓),121.5572703,25.0536691
松山區,健康路170號/長壽公園(南京東路5段59巷旁),121.5588892,25.0537893
松山區,三民路5號(西松國小前公車站牌),121.550248,25.059761
松山區,三民路5號(西松國小圍牆旁),121.564,25.053
松山區,南京東路5段125號(公車南京三民路口站)1,121.560889,25.051524
松山區,南京東路5段125號(公車南京三民路口站)2,121.5609766,25.051544
松山區,南京東路5段123巷斜對面(公車南京三民路口3),121.548764,25.057936
松山區,南京東路5段79號,121.5598664,25.0515853
松山區,南京東路4段189號,121.5568949,25.0516596
松山區,南京東路4段137號,121.555317,25.0516966
松山區,南京東路4段139號(公車南京寧安街口站1),121.555268,25.051635
松山區,南京東路4段139號(公車南京寧安街口站2),121.5553131,25.0516999
松山區,南京東路4段139號(公車南京寧安街口站3）,121.5496122,25.057706
松山區,南京東路4段55-1號(捷運台北小巨蛋5號出口附近),121.55223,25.05183
松山區,南京東路4段(捷運台北小巨蛋1號出口附近),121.5501235,25.0516476
松山區,南京東路4段53巷口,121.551,25.052
松山區,南京東路4段17號對面公車道,121.5468404,25.0516475
松山區,南京東路4段13巷口對面(公車南京敦化路口小巨蛋站2),121.5514156,25.0517642
松山區,南京東路4段1號對面(公車南京敦化路口小巨蛋站1),121.549258,25.051795
松山區,敦化北路129號(南京東路4段與敦化北路口),121.5467666,25.0518318
松山區,敦化北路201號(長庚醫院公車站),121.549352,25.056717
松山區,敦化北路201號(長庚醫院公車站旁),121.5492475,25.0566419
松山區,民生東路4段與敦化北路口(台灣銀行旁),121.5492902,25.0575074
松山區,民生東路4段133號(光復北路與民生東路交叉口),121.5464887,25.0580245
松山區,民權東路4段36號(國防部軍營),121.5525071,25.0614863
松山區,民權東路4段與富錦街107巷口,121.552463,25.061566
松山區,民權東路敦北公園（民權東路公車站）,121.549392,25.05802
松山區,民權東路4段口(白色涼亭),121.5509801,25.0613602
松山區,敦北公園旁,121.548636,25.057825
松山區,敦化北路333巷口(公車富錦街口站),121.549018,25.058038
松山區,敦化北路207號,121.548993,25.05796
松山區,敦化北路214號(公車民生敦化路口站)1/敦北218號對面,121.544605,25.062169
松山區,敦化北路214號(公車民生敦化路口站)2,121.548163,25.062054
松山區,敦化北路214號,121.545318,25.057898
松山區,民生東路3段135號(麥當勞),121.5485744,25.061466
松山區,民生東路3段117號(公車民生敦化路口站/玉山銀行),121.5469201,25.0578008
松山區,民生東路3段109號(公車站民生復興路口-西華飯店站/聯邦銀行),121.5504746,25.0616679
松山區,復興北路301號(公車復興民生東路口站),121.5606225,25.0513859
松山區,復興北路與民權東路口,121.551141,25.061186
松山區,民權東路3段102號(公車民權復興路口站1),121.5458459,25.0621845
松山區,民權東路3段103巷口(公車民權復興路口站2),121.5426259,25.0617968
松山區,民權東路3段102號(公車民權復興路口站3),121.5458459,25.0621845
松山區,民權東路3段156號(公車民權敦化路口站1),121.5458813,25.0617954
松山區,民權東路3段156號(公車民權敦化路口站2),121.54771,25.06188
松山區,民權東路3段181號(公車民權敦化路口站1/民有派出所對面),121.548218,25.0620799
松山區,民權東路3段181號(公車民權敦化路口站2/民有派出所對面),121.5422677,25.0581844
松山區,民權東路與敦化北路口(敦化北路262號),121.5507528,25.0582324
松山區,三民路108之2號前,121.56361,25.0575
松山區,三民路140號前,121.56306,25.060833
松山區,民生東路5段25號左側前,121.55639,25.058611
松山區,民生東路5段40號前,121.5575,25.058611
松山區,民生東路5段82號右側前,121.55917,25.058611
松山區,民生東路5段120號右側前,121.56111,25.058611
松山區,三民路113巷口,121.5597693,25.058611
松山區,民生東路5段186號前,121.563605,25.058502
松山區,民生東路5段188號前,121.56389,25.058611
松山區,民生東路5段206-2號前,121.565,25.058889
松山區,民生東路5段163之1號左側前,121.56517,25.058889
松山區,民權東路5段10號,121.563599,25.062786
松山區,民生東路5段180號前,121.56833,25.058539
松山區,民生東路5段2號左側前,121.55528,25.058611
松山區,民權東路4段200號左側公車站前,121.56111,25.0625
松山區,民權東路4段200號右側前,121.56278,25.062778
松山區,民權東路5段1號右側公車站前,121.56333,25.063056
松山區,民權東路4段123號左側公車站前,121.56,25.0625
松山區,民權東路4段100號左側公車站前,121.5553,25.061944
松山區,光復北路167號左側過巷口前,121.55528,25.057222
松山區,延壽街401號左側前,121.55722,25.056389
松山區,塔悠路93號前,121.5703338,25.0523223
松山區,塔悠路157號左側公車站前,121.56972,25.054722
松山區,撫遠街234號前,121.56806,25.059444
松山區,民權東路4段100號右側前,121.55722,25.061944
松山區,民權東路4段與新中街口,121.5601784,25.0625
松山區,民生東路5段81號左側公車站前,121.5532225,25.0584051
松山區,民生東路5段165號右側社區門口前,121.5594018,25.0588704
松山區,民生東路5段165號前,121.5619346,25.0592944
松山區,民生東路5段191號左側前(郵局),121.5658519,25.0591079
松山區,民生東路5段280號右側公園門口前(新東公園),121.5659657,25.0589699
松山區,塔悠路217號前(5號水門),121.5690483,25.0590256
松山區,民權東路5段35號前(自來水加壓站前),121.5644498,25.0635393
松山區,民權東路5段41號前(靠近撫遠公園),121.5650215,25.0637162
松山區,民權東路5段臨94號(分隊後方),121.5649527,25.0632185
松山區,民生東路5段163號前(寶雅前),121.5607142,25.0593199
松山區,民生東路5段158號前(靠近星巴克),121.5606604,25.0585858
松山區,民權東路5段臨94號（分隊後方）,121.565226,25.063205
松山區,光復北路(富錦街軍營門口前),121.554469,25.0618286
松山區,民權東路4段100號(公車站前),121.5558286,25.0620141
松山區,民權東路4段100號(民權公園口),121.5650323,25.0637162
松山區,民權東路5段41號(自來水加壓站),121.5674389,25.0635793
松山區,民權東路5段90號(分隊後方),121.5669362,25.0635084
松山區,民權東路5段41號(撫遠公園),121.5669362,25.0635084
松山區,民權東路5段41-1號(塔悠路上微笑單車),121.567964,25.064678
松山區,民權東路5段41-1號(塔悠路口),121.568122,25.063785
松山區,民權東路5段41-1號(6號水門對門、撫遠街389巷口),121.567902,25.06501
松山區,濱江街濱江街373號(7號水門中油加油站前),121.551809,25.072444
松山區,塔悠路塔悠路351號(撫遠抽水站前),121.568612,25.062371
松山區,塔悠路塔悠路6號水門(斜坡車道處),121.568023,25.066392
信義,仁愛路4段光復南路口1,121.5577934,25.037799
信義,仁愛路4段光復南路口2,121.5578921,25.0377966
信義,仁愛路4段國館大門左側,121.5589422,25.0377402
信義,仁愛路4段市議會前逸仙路口,121.561691,25.03761
信義,仁愛路4段市議會與市府廣場前,121.562072,25.03764
信義,仁愛路4段國館光復南路口往西公車專用道,121.558149,25.037741
信義,仁愛路4段國館逸仙路口往西公車專用道,121.5609365,25.0375992
信義,仁愛路4段504號逸仙路口往東公車專用道,121.5610361,25.0375966
信義,仁愛路4段518號旁,121.5615628,25.0375003
信義,市民大道6段與松隆路329巷交叉口,121.579155,25.04903099
信義,市民大道6段與松山車站西門對面,121.5784438,25.04899609
信義,永吉路225巷52弄口,121.5748879,25.0480725
信義,市府路1號大門左邊公車站,121.56366,25.0381
信義,市府路世貿3館右YOUBIKE旁,121.563671,25.035613
信義,市府路世貿1館8號牌前,121.5634316,25.0343891
信義,市府路世貿1館9號牌前,121.5634405,25.0344195
信義,光復南路光復國小-1,121.5577379,25.0403813
信義,光復南路國父紀念館第一停車場旁-1,121.5577139,25.0395536
信義,光復南路國父紀念館第一停車場旁-2,121.5577262,25.0399236
信義,光復南路國館旁國館公車站前-1,121.5577038,25.0390067
信義,光復南路國館旁國館公車站前-2,121.557731,25.03938
信義,忠孝東路4段捷運國父紀念館站4號出口,121.5585222,25.041185
信義,忠孝東路四段547號旁(財政部財政資訊中心),121.561983,25.041342
信義,忠孝東路4段國館第2停車場,121.5598202,25.0411741
信義,忠孝東路4段捷運國父紀念館站(忠孝),121.5593535,25.04118381
信義,忠孝東路4段與逸仙路口,121.561509,25.041137
信義,忠孝東路5段捷運市府站3出口1,121.566488,25.041057
信義,忠孝東路5段捷運市府站3出口2,121.567466,25.040975
信義,大道路28巷17號對面(春光公園),121.5810434,25.0418611
信義,松山路640巷對面松隆綠地人行道,121.5794097,25.0352736
信義,忠孝東路五段257號後方,121.57062,25.041543
信義,忠孝東路5段210號,121.57045,25.040897
信義,松山路657號對面永春波濕地,121.58078,25.03409
信義,松山路650巷15弄18之18號前,121.57895,25.03182
信義,松山路永春高中站牌,121.57993,25.03368
信義,松山路655號,121.5791936,25.0329088
信義,松仁路32號,121.5683544,25.0388399
信義,松仁路南山大樓門口步道兩側,121.568249,25.034726
信義,松高路寒舍艾美酒店前2,121.567474,25.039011
信義,松高路市府北門地下道出口前,121.564644,25.039158
信義,松智路市府大樓近松壽路口公車站牌旁,121.565403,25.036667
信義,松智路世貿三館近松壽路口,121.56533,25.03562
信義,松智路世貿三館停車場旁,121.565302,25.03528
信義,松智路松壽廣場前1,121.565588,25.037783
信義,松智路松壽廣場前2,121.565592,25.037252
信義,松智路新舞台公車站,121.565544,25.036811
信義,松智路松壽路口,121.565542,25.036051
信義,松智路信義廣場與松廉路口,121.565492,25.033955
信義,松智路youbike東北旁,121.565524,25.038399
信義,松隆路327號左,121.5784899,25.04824522
信義,松隆路松山車站公車站牌前,121.578875,25.048221
信義,松壽路市府南門,121.5646,25.035969
信義,松壽路新光三越A9館前1,121.566869,25.035938
信義,松壽路新光三越A9館前2,121.566571,25.035934
信義,松壽路世貿三館(市政府)公車站前,121.564815,25.035792
信義,松壽路華納威秀手機門市前公車站,121.56733,25.03575
信義,松壽路18號,121.5668012,25.0357446
信義,松壽路市府路轉角路燈10公尺處,121.563737,25.035849
信義,松德路300號,121.5745069,25.0323563
信義,信義路5段6號,121.560315,25.032894
信義,信義路5段106號,121.5663764,25.0327616
信義,信義路5段100號之1號,121.5645667,25.032758
信義,信義路5段108號(公車站牌1),121.5674563,25.0326914
信義,信義路5段126號,121.5690814,25.0326291
信義,信義路5段15號(信義廣場停車場入口),121.566517,25.033045
信義,信義路5段15號,121.56704,25.033007
信義,基隆路基隆路一段428號對面,121.560303,25.033878
信義,基隆路1段松山高中右1,121.566364,25.044686
信義,基隆路1段松山高中右2,121.56627,25.044518
信義,基隆路2段21號,121.5591208,25.0319925
信義,吳興街220巷59弄13號斜對面景勤公園一號人行道上,121.5606282,25.0270565
信義,基隆路二段113號,121.5571393,25.0288242
信義,吳興街220巷59弄11號對面(景勤公園),121.5612834,25.0269307
信義,基隆路一段133號,121.566414,25.044174
信義,基隆路世貿中心公車站牌前,121.5601864,25.033541
信義,逸仙路忠孝東路口,121.561502,25.041008
信義,逸仙路逸仙42巷口對面,121.561481,25.040249
信義,逸仙路逸仙32巷口對面,121.561489,25.039809
信義,逸仙路松高路口,121.561459,25.03908
信義,逸仙路近仁愛路口,121.56145,25.03799
信義,松隆路274號旁(五常公園),121.5729596,121.5736324
信義,忠孝東路5段289號,121.571603,25.041108
信義,松隆路永吉路(十字路口),121.5708038,25.0458666
信義,吳興街220巷83號(公車站牌),121.5599535,25.0260071
信義,信安街與信安街67巷口(十字路口),121.558028,25.026138
信義,基隆路二段31號前(十字路口),121.558865,25.031618
信義,基隆路二段155號前(公車站),121.5544007,25.02581795
信義,松仁路與松勤街(十字路),121.5682724,25.0318402
信義,松仁路與松平路(十字路),121.5681279,25.0303444
信義,松仁路(信義國中)公車站牌旁,121.5682459,25.0289889
信義,信義路5段捷運101站2號出口前,121.5623752,25.0327552
信義,福德街251巷30號虎山溪入口,121.5874483,25.0364279
信義,松山路656號對面(象山登山口),121.5784292,25.0308913
信義,"福德街(奉天宮公車站)
",121.5834034,25.03797928
南港區,三重路19之2號前公車站北側,121.613929,25.056552
南港區,三重路36號旁公車站北側,121.614093,25.056546
南港區,三重路39號前,121.614165,25.059647
南港區,市民大道8段(CITYLINK南港店C1.C2棟中間人行道)1,121.60442,25.052745
南港區,市民大道8段99號(北流公車站西側1),121.598246,25.052147
南港區,市民大道8段99號(北流公車站東側1),121.599195,25.052229
南港區,市民大道8段99號(北流西往東方向公車站1),121.596255,25.051511
南港區,市民大道8段99號(北流西往東方向公車站2),121.597574,25.051729
南港區,市民大道8段99號(北流西往東方向公車站3),121.598168,25.051826
南港區,市民大道8段99號(北流西往東方向公車站4),121.598759,25.051902
南港區,市民大道8段99號(北流西往東方向公車站5),121.600589,25.052147
南港區,市民大道8段99號(北流西往東方向公車站6),121.602585,25.052439
南港區,市民大道8段北流旁無名巷上1,121.599619,25.05326
南港區,市民大道8段北流旁無名巷上2,121.599582,25.052225
南港區,市民大道8段與忠孝東路七段265巷口旁,121.603857,25.052675
南港區,向陽路139號旁公車站,121.593758,25.055993
南港區,向陽路150號(南港分局公車站),121.594449,25.055308
南港區,向陽路21號旁南港高中公車站北側,121.595002,25.052944
南港區,向陽路84號旁公車站(台電工程部前),121.595261,25.052936
南港區,向陽路市民大道交叉口(台電),121.595589,25.051796
南港區,向陽路與市民大道交叉口(向陽路上),121.595708,25.051325
南港區,忠孝東路6段209號旁公車站（國華新村站）1,121.588031,25.049166
南港區,忠孝東路6段209號旁公車站（國華新村站）2,121.58758,25.049042
南港區,忠孝東路6段21號(合心公園旁公車站),121.583332,25.046332
南港區,忠孝東路6段481號公車站,121.595019,25.050818
南港區,忠孝東路6段61號前公車站,121.584253,25.047449
南港區,忠孝東路6段77號前公車站,121.584526,25.047715
南港區,忠孝東路6段捷運昆陽站1號出口(捷運站),121.592769,25.050263
南港區,忠孝東路6段捷運昆陽站公車亭旁1,121.59328,25.050407
南港區,忠孝東路6段捷運昆陽站公車亭旁2,121.593811,25.050521
南港區,忠孝東路7段124巷17弄口對面1,121.604576,25.051904
南港區,忠孝東路7段325巷口旁(十字路口),121.605349,25.052021
南港區,忠孝東路7段325巷口對面避車灣旁,121.605515,25.051792
南港區,忠孝東路7段369號前人行道,121.606927,25.052181
南港區,忠孝東路7段382號極限運動中心前,121.607121,25.052
南港區,忠孝東路7段528號(公車站),121.611939,25.052555
南港區,忠孝東路7段528號前公車站(洛基飯店),121.611134,25.052434
南港區,忠孝東路7段528號對面公車站,121.610458,25.052649
南港區,忠孝東路7段576號旁公車站,121.61375,25.052744
南港區,忠孝東路7段東往西方向北流中心公車站,121.601179,25.051612
南港區,忠孝東路7段東往西方向北流中心避車彎1,121.599951,25.051452
南港區,忠孝東路7段捷運南港站1號出口旁,121.60618,25.051915
南港區,南深路31號(巴黎春天旁公車站),121.620706,25.037139
南港區,南港路1段360號對面南興公園前西側,121.606802,25.054291
南港區,南港路1段360號對面南興公園前東側,121.607292,25.05443
南港區,南港路1段77號對面公車站(南港展覽館站),121.615531,25.055331
南港區,南港路1段中南街口對面,121.615292,25.055355
南港區,南港路2段136號對面,121.601425,25.053329
南港區,南港路2段142號前公車站1,121.600727,25.053442
南港區,南港路2段142號前公車站2,121.600274,25.053466
南港區,南港路2段178巷對面巷內(市民大道口),121.599745,25.052516
南港區,南港路2段212巷口對面,121.598829,25.053609
南港區,南港路2段232號對面(北流出入口),121.598285,25.053722
南港區,南港路2段51號旁公車站(南港輪胎)右側,121.60107,25.053321
南港區,南港路2段51號旁公車站(南港輪胎)左側,121.600677,25.053285
南港區,南港路2段78號郵局旁,121.603603,25.053876
南港區,南港路2段玉成國小附幼大門旁,121.593181,25.054329
南港區,南港路3段104號前公車站,121.590054,25.053575
南港區,南港路3段139號,121.585211,25.052581
南港區,南港路3段168號前,121.58771,25.053099
南港區,南港路3段252號前,121.584982,25.052677
南港區,南港路3段53號前(賓士汽車前),121.589596,25.053222
南港區,南港路3段95號前,121.587702,25.052925
南港區,研究院路1段112號,121.615873,25.051819
南港區,研究院路1段112號對面公車站(誠正國中)1,121.615908,25.051362
南港區,研究院路1段112號對面公車站(誠正國中)2,121.615852,25.051225
南港區,研究院路1段與研究院路一段130巷交叉口旁(十字路口),121.615677,25.04922
南港區,研究院路2段1號,121.615998,25.048649
南港區,研究院路2段37巷口(公車亭旁),121.615426,25.045505
南港區,研究院路2段90號前公車站,121.615666,25.044647
南港區,研究院路3段130號對面人行道(軍人公墓中間),121.611135,25.034398
南港區,研究院路3段130號對面人行道(軍人公墓右側),121.611476,25.034386
南港區,研究院路3段130號對面人行道(軍人公墓左側),121.610554,25.034425
南港區,研究院路3段1號旁公車站,121.616887,25.035662
南港區,研究院路3段223號(公車總站對面),121.611089,25.033527
南港區,研究院路3段25巷旁,121.61646,25.035031
南港區,研究院路3段37號前公車站,121.616078,25.0348
南港區,研究院路3段50號(公車站)旁,121.614787,25.03469
南港區,研究院路3段臨168號公車總站旁人行道,121.612295,25.033389
南港區,研究院路3段臨168號對面公車站,121.612253,25.03323
南港區,重陽路66號旁公車站,121.596794,25.055534
南港區,重陽路興南街交叉口公車站,121.603793,25.057647
南港區,經貿一路157巷口旁公車站,121.618211,25.060438
南港區,經貿一路展覽館1館機車道口旁,121.620132,25.057285
南港區,經貿一路展覽館停車場入口處,121.619653,25.056653
南港區,經貿一路捷運南港展覽館站4號口旁人行道(捷運站),121.618893,25.055448
南港區,經貿一路與南港路一段2巷口,121.619453,25.056439
南港區,經貿二路62巷口(三重路),121.614367,25.056911
南港區,經貿二路62巷口(南港展覽館2館旁),121.616558,25.056396
南港區,經貿二路62巷內,121.61636,25.056831
南港區,經貿二路88巷口對面(捷運軌道下),121.616997,25.057606
南港區,經貿二路展覽館大門前.右側,121.616876,25.055991
南港區,經貿二路展覽館正門捷運軌道下1,121.616903,25.056523
南港區,經貿二路展覽館正門捷運軌道下2,121.616981,25.057014
南港區,經園街與經貿一路口,121.617093,25.06208
萬華區,武昌街2段(400號公園前),121.503376,25.04556
萬華區,武昌街2段124-23號,121.503654,25.045579
萬華區,武昌街2段124-2號(2),121.503778,25.045393
萬華區,武昌街2段124-1號,121.503804,25.045391
萬華區,武昌街2段118-3號,121.504221,25.045317
萬華區,武昌街2段118-5號,121.504389,25.045291
萬華區,武昌街2段118號,121.504408,25.045248
萬華區,武昌街2段114-2號,121.504786,25.045186
萬華區,武昌街2段114-4號,121.504838,25.045244
萬華區,武昌街2段106號,121.504893,25.045162
萬華區,武昌街2段104號,121.505165,25.045096
萬華區,峨眉街81號,121.505314,25.043904
萬華區,武昌街2段77號(2),121.505536,25.04507
萬華區,武昌街2段96號,121.505632,25.044996
萬華區,武昌街2段77號(1),121.505783,25.045013
萬華區,武昌街2段86號,121.505804,25.044946
萬華區,武昌街2段78號,121.506099,25.044896
萬華區,西寧南路36-27號,121.506118,25.044941
萬華區,漢口街2段52號,121.506179,25.045761
萬華區,武昌街2段72號,121.506222,25.044836
萬華區,西寧南路52號,121.506317,25.044176
萬華區,西寧南路141號,121.50644,25.044045
萬華區,西寧南路36-25號,121.506353,25.044897
萬華區,忠孝西路昆明街口,121.506401,25.048722
萬華區,峨眉街55號,121.506511,25.043675
萬華區,峨眉街42號,121.506522,25.043557
萬華區,峨眉街51號,121.50658,25.043644
萬華區,西寧南路117號,121.506584,25.044833
萬華區,西寧南路36號,121.506593,25.045226
萬華區,武昌街2段71號,121.50666,25.04481
萬華區,西寧南路36之67號,121.506691,25.045621
萬華區,武昌街2段71號對面,121.506705,25.044711
萬華區,峨眉街28-1號,121.506706,25.043474
萬華區,峨眉街34號,121.506707,25.043535
萬華區,峨眉街47號,121.506839,25.043584
萬華區,武昌街2段63號,121.506976,25.044746
萬華區,武昌街2段52號,121.507046,25.044667
萬華區,武昌街2段48-1號,121.507145,25.044656
萬華區,武昌街2段57號,121.507183,25.044721
萬華區,西寧南路6-1號公車站牌,121.507217,25.047363
萬華區,漢中街69號,121.507262,25.043584
萬華區,武昌街2段38號,121.507269,25.044638
萬華區,漢中街65號,121.507278,25.043669
萬華區,漢中街108號,121.507283,25.043215
萬華區,漢中街63號,121.507292,25.043704
萬華區,武昌街2段51號,121.507305,25.044735
萬華區,漢中街59號,121.507323,25.043828
萬華區,漢中街105號,121.507335,25.043301
萬華區,漢中街48號,121.50734,25.044063
萬華區,漢中街53號,121.507351,25.043918
萬華區,漢中街107號,121.507362,25.043274
萬華區,漢中街42號,121.507391,25.044191
萬華區,漢中街109-1號,121.507393,25.04318
萬華區,漢中街51號,121.507405,25.044064
萬華區,峨眉街21號,121.507426,25.043486
萬華區,漢中街39號,121.507433,25.044971
萬華區,漢中街49號,121.50745,25.044158
萬華區,漢中街117號,121.507502,25.04299
萬華區,漢中街30號,121.507506,25.045073
萬華區,漢中街116號,121.507508,25.042863
萬華區,峨眉街12號,121.507514,25.043396
萬華區,漢中街35號,121.507528,25.045025
萬華區,峨眉街15號,121.507583,25.043543
萬華區,漢中街34-1號,121.507599,25.044997
萬華區,武昌街2段37號,121.5077,25.044617
萬華區,武昌街2段32號,121.507711,25.044502
萬華區,漢中街25號,121.507718,25.04509
萬華區,峨眉街7號,121.507793,25.043426
萬華區,漢中街34號,121.507859,25.044887
萬華區,武昌街2段24號,121.507892,25.044492
萬華區,武昌街2段25-1號,121.50794,25.044539
萬華區,武昌街2段14號,121.508066,25.044435
萬華區,漢口街2段18號,121.508106,25.045354
萬華區,峨眉街2號,121.508141,25.043258
萬華區,武昌街2段15號,121.508175,25.044487
萬華區,中華路1段152號前,121.508221,25.042747
萬華區,中華路1段94號,121.5085846,25.044614
萬華區,峨眉街1號,121.508312,25.043326
萬華區,中華路1段144-3號前,121.508356,25.043129
萬華區,中華路1段152號-2對面,121.508366,25.042683
萬華區,武昌街2段3號,121.508388,25.044443
萬華區,中華路1段136號前,121.50839,25.04334
萬華區,武昌街2段4號,121.508392,25.04434
萬華區,中華路1段150號對面,121.508402,25.042805
萬華區,中華路1段100號前,121.508617,25.044154
萬華區,中華路1段94號前,121.508771,25.044512
萬華區,中華路1段88號,121.508858,25.044854
萬華區,中華路1段80號對面,121.508939,25.045404
萬華區,中華路1段80號前,121.509009,25.045412
萬華區,峨眉街21號,121.509095,25.045923
萬華區,中華路1段66號前,121.509095,25.045923
萬華區,中華路1段68號前,121.50917,25.046002
萬華區,環河南路1段280之3號,121.499565,25.041535
萬華區,西園路1段70號前,121.49964,25.03977
萬華區,環河南路1段280-1號前,121.499825,25.041761
萬華區,環河南路1段280-1號對面,121.49984,25.041505
萬華區,環河南路1段280-1號對面2,121.49985,25.041506
萬華區,成都路雅江街口,121.501689,25.043805
萬華區,康定路72號對面,121.502561,25.042682
萬華區,昆明街284號前,121.50383,25.03855
萬華區,成都路86號,121.504735,25.043009
萬華區,峨眉街58號,121.504928,25.043986
萬華區,西寧南路169號,121.506098,25.043121
萬華區,中華路1段180號,121.506792,25.038097
萬華區,中華路1段198號前,121.50682,25.03835
萬華區,中華路1段196號,121.506978,25.038627
萬華區,成都路21號,121.507014,25.042574
萬華區,中華路1段176之1號前,121.507224,25.039416
萬華區,中華路1段174-314號前,121.507416,25.039949
萬華區,中華路1段174之23號,121.507529,25.040344
萬華區,中華路1段170號,121.507661,25.040762
萬華區,中華路1段160號,121.507902,25.041762
萬華區,中華路1段158號轉角捷運站出口後側,121.507891,25.041911
萬華區,中華路1段158號,121.507981,25.041958
萬華區,和平西路3段120號旁,121.499959,25.035157
萬華區,和平西路3段251號（UBIKE站旁）,121.496264,25.035463
萬華區,和平西路3段251號旁天橋下靠環河南路側,121.495094,25.035518
萬華區,和平西路3段251號天橋旁,121.494857,25.035785
萬華區,環河南路2段140號前,121.494798,25.036053
萬華區,環河南路2段91號公車站牌旁,121.495205,25.036181
萬華區,環河南路2段122號（鄰近隊本部）,121.495266,25.036543
萬華區,昆明街285號之3即7-11對面,121.50353,25.036808
萬華區,環河南路2段75號黃氏大宗祖祠前,121.496197,25.03728
萬華區,昆明街255號對面,121.503693,25.037525
萬華區,桂林路52號（桂林路40巷口）,121.504148,25.037901
萬華區,桂林路58號,121.504092,25.037921
萬華區,環河南路2段49號,121.496966,25.038204
萬華區,桂林路140號.（華西街口）,121.498589,25.038415
萬華區,桂林路164號前,121.497573,25.038467
萬華區,長順街123巷口,121.488874,25.032402
萬華區,西園路2段南往北方向西園29服飾基地公車站,121.489857,25.034354
萬華區,莒光路171號(莒光派出所前),121.5027627,25.0310535
萬華區,西園路2段北往南方向西園29服飾基地公車站,121.491173,25.032367
萬華區,艋舺大道大理高中側面,121.492075,25.029693
萬華區,西藏路東往西方向南海實驗幼兒園人行道,121.49765,25.02946
萬華區,長順街131號,121.48915,25.03318
萬華區,艋舺大道242號,121.4986988,25.0328666
萬華區,艋舺大道248號,121.4986187,25.0326076
萬華區,德昌街與環河南路交界口,121.491666,25.022763
萬華區,環河南路3段203號,121.492206,25.021489
萬華區,德昌街錦德公園,121.492233,25.023097
萬華區,德昌街241號錦德公園旁,121.492698,25.023299
萬華區,環河南路3段與武成街101巷交接口(公佈欄旁),121.493408,25.018847
萬華區,環河南路3段287號,121.493464,25.018757
萬華區,西藏路213之1號旁,121.495657,25.028584
萬華區,長泰街202號旁,121.496021,25.021752
萬華區,西藏路213號旁,121.496189,25.028727
萬華區,西藏路446號對面(華江高中人行道一側),121.496958,25.029097
萬華區,東園街144號對面,121.497594,25.023544
萬華區,西藏路華江高中後門,121.498064,25.029204
萬華區,西藏路萬華國中,121.498981,25.029234
萬華區,萬大路322巷口,121.500164,25.024219
萬華區,環河南路3段121號旁,121.49109,25.024009
萬華區,青年路140號對面,121.502613,25.021751
萬華區,青年路160號對面,121.502667,25.021279
萬華區,青年路90號對面,121.502763,25.023253
萬華區,青年路69號停車場出入口左側,121.502877,25.024079
萬華區,青年路184號對面(汽車停車格，編號：40號),121.503296,25.020652
萬華區,青年路186之1號對面,121.503676,25.020367
萬華區,水源路汽車停車格(編號：80號),121.504606,25.020327
萬華區,水源路汽車停車格，編號：67號,121.505261,25.020713
萬華區,水源路汽車停車格，編號：66號,121.505472,25.020949
萬華區,水源路一號門右側,121.506075,25.021308
萬華區,水源路一號門左側,121.506527,25.021634
萬華區,水源路汽車停車格，編號：41號和42號中間,121.507866,25.022653
萬華區,水源路199號前,121.507943,25.022344
萬華區,國興路24號對面機車停車格旁,121.508189,25.024413
萬華區,中華路2段602號前,121.509873,25.024693